"city","year","one_theaters","two_theaters","operas_city","operas_city_annals","operas_city_amazon","operas_city_met","city1","copyright_post1801","less_1000","more_1000"
"ancona",1781,1,0,0,0,0,0,1,0,1,0
"ancona",1782,1,0,0,0,0,0,1,0,1,0
"ancona",1783,1,0,0,0,0,0,1,0,1,0
"ancona",1784,1,0,0,0,0,0,1,0,1,0
"ancona",1785,1,0,0,0,0,0,1,0,1,0
"ancona",1786,1,0,1,1,0,1,1,0,1,0
"ancona",1787,1,0,0,0,0,0,1,0,1,0
"ancona",1788,1,0,0,0,0,0,1,0,1,0
"ancona",1789,1,0,0,0,0,0,1,0,1,0
"ancona",1790,1,0,0,0,0,0,1,0,1,0
"ancona",1791,1,0,0,0,0,0,1,0,1,0
"ancona",1792,1,0,0,0,0,0,1,0,1,0
"ancona",1793,1,0,1,0,0,0,1,0,1,0
"ancona",1794,1,0,0,0,0,0,1,0,1,0
"ancona",1795,1,0,0,0,0,0,1,0,1,0
"ancona",1796,1,0,0,0,0,0,1,0,1,0
"ancona",1797,1,0,0,0,0,0,1,0,1,0
"ancona",1798,1,0,0,0,0,0,1,0,1,0
"ancona",1799,1,0,0,0,0,0,1,0,1,0
"ancona",1800,1,0,0,0,0,0,1,0,1,0
"ancona",1801,1,0,0,0,0,0,1,0,1,0
"ancona",1802,1,0,0,0,0,0,1,0,1,0
"ancona",1803,1,0,1,0,0,0,1,0,1,0
"ancona",1804,1,0,0,0,0,0,1,0,1,0
"ancona",1805,1,0,0,0,0,0,1,0,1,0
"ancona",1806,1,0,0,0,0,0,1,0,1,0
"ancona",1807,1,0,0,0,0,0,1,0,1,0
"ancona",1808,1,0,0,0,0,0,1,0,1,0
"ancona",1809,1,0,0,0,0,0,1,0,1,0
"ancona",1810,1,0,0,0,0,0,1,0,1,0
"ancona",1811,1,0,0,0,0,0,1,0,1,0
"ancona",1812,1,0,0,0,0,0,1,0,1,0
"ancona",1813,1,0,0,0,0,0,1,0,1,0
"ancona",1814,1,0,0,0,0,0,1,0,1,0
"ancona",1815,1,0,0,0,0,0,1,0,1,0
"ancona",1816,1,0,0,0,0,0,1,0,1,0
"ancona",1817,1,0,0,0,0,0,1,0,1,0
"ancona",1818,1,0,0,0,0,0,1,0,1,0
"ancona",1819,1,0,0,0,0,0,1,0,1,0
"ancona",1820,1,0,0,0,0,0,1,0,1,0
"bergamo",1781,1,0,0,0,0,0,2,0,1,0
"bergamo",1782,1,0,0,0,0,0,2,0,1,0
"bergamo",1783,1,0,0,0,0,0,2,0,1,0
"bergamo",1784,1,0,0,0,0,0,2,0,1,0
"bergamo",1785,1,0,0,0,0,0,2,0,1,0
"bergamo",1786,1,0,0,0,0,0,2,0,1,0
"bergamo",1787,1,0,0,0,0,0,2,0,1,0
"bergamo",1788,1,0,0,0,0,0,2,0,1,0
"bergamo",1789,1,0,0,0,0,0,2,0,1,0
"bergamo",1790,1,0,0,0,0,0,2,0,1,0
"bergamo",1791,1,0,1,1,1,1,2,0,1,0
"bergamo",1792,1,0,0,0,0,0,2,0,1,0
"bergamo",1793,1,0,0,0,0,0,2,0,1,0
"bergamo",1794,1,0,1,0,0,0,2,0,1,0
"bergamo",1795,1,0,0,0,0,0,2,0,1,0
"bergamo",1796,1,0,0,0,0,0,2,0,1,0
"bergamo",1797,1,0,0,0,0,0,2,0,1,0
"bergamo",1798,1,0,0,0,0,0,2,0,1,0
"bergamo",1799,1,0,0,0,0,0,2,0,1,0
"bergamo",1800,1,0,0,0,0,0,2,0,1,0
"bergamo",1801,1,0,1,0,0,0,2,1,1,0
"bergamo",1802,1,0,1,0,0,0,2,1,1,0
"bergamo",1803,1,0,0,0,0,0,2,1,1,0
"bergamo",1804,1,0,0,0,0,0,2,1,1,0
"bergamo",1805,1,0,1,0,0,1,2,1,1,0
"bergamo",1806,1,0,0,0,0,0,2,1,1,0
"bergamo",1807,1,0,1,0,0,1,2,1,1,0
"bergamo",1808,1,0,1,0,0,0,2,1,1,0
"bergamo",1809,1,0,0,0,0,0,2,1,1,0
"bergamo",1810,1,0,0,0,0,0,2,1,1,0
"bergamo",1811,1,0,0,0,0,0,2,1,1,0
"bergamo",1812,1,0,1,1,0,0,2,1,1,0
"bergamo",1813,1,0,0,0,0,0,2,1,1,0
"bergamo",1814,1,0,1,0,1,1,2,1,1,0
"bergamo",1815,1,0,0,0,0,0,2,1,1,0
"bergamo",1816,1,0,1,1,0,1,2,1,1,0
"bergamo",1817,1,0,0,0,0,0,2,1,1,0
"bergamo",1818,1,0,0,0,0,0,2,1,1,0
"bergamo",1819,1,0,1,0,1,0,2,1,1,0
"bergamo",1820,1,0,1,0,0,0,2,1,1,0
"bologna",1781,1,0,0,0,0,0,3,0,1,0
"bologna",1782,1,0,0,0,0,0,3,0,1,0
"bologna",1783,1,0,0,0,0,0,3,0,1,0
"bologna",1784,1,0,0,0,0,0,3,0,1,0
"bologna",1785,1,0,0,0,0,0,3,0,1,0
"bologna",1786,1,0,0,0,0,0,3,0,1,0
"bologna",1787,1,0,0,0,0,0,3,0,1,0
"bologna",1788,1,0,0,0,0,0,3,0,1,0
"bologna",1789,1,0,1,0,0,0,3,0,1,0
"bologna",1790,1,0,0,0,0,0,3,0,1,0
"bologna",1791,1,0,0,0,0,0,3,0,1,0
"bologna",1792,1,0,0,0,0,0,3,0,1,0
"bologna",1793,1,0,0,0,0,0,3,0,1,0
"bologna",1794,1,0,1,0,0,0,3,0,1,0
"bologna",1795,1,0,0,0,0,0,3,0,1,0
"bologna",1796,1,0,0,0,0,0,3,0,1,0
"bologna",1797,1,0,0,0,0,0,3,0,1,0
"bologna",1798,1,0,0,0,0,0,3,0,1,0
"bologna",1799,1,0,0,0,0,0,3,0,1,0
"bologna",1800,1,0,0,0,0,0,3,0,1,0
"bologna",1801,1,0,0,0,0,0,3,0,1,0
"bologna",1802,1,0,0,0,0,0,3,0,1,0
"bologna",1803,1,0,0,0,0,0,3,0,1,0
"bologna",1804,1,0,0,0,0,0,3,0,1,0
"bologna",1805,1,0,0,0,0,0,3,0,1,0
"bologna",1806,1,0,0,0,0,0,3,0,1,0
"bologna",1807,1,0,0,0,0,0,3,0,1,0
"bologna",1808,1,0,0,0,0,0,3,0,1,0
"bologna",1809,1,0,0,0,0,0,3,0,1,0
"bologna",1810,1,0,0,0,0,0,3,0,1,0
"bologna",1811,1,0,0,0,0,0,3,0,1,0
"bologna",1812,1,0,1,0,0,0,3,0,1,0
"bologna",1813,1,0,0,0,0,0,3,0,1,0
"bologna",1814,1,0,0,0,0,0,3,0,1,0
"bologna",1815,1,0,0,0,0,0,3,0,1,0
"bologna",1816,1,0,0,0,0,0,3,0,1,0
"bologna",1817,1,0,0,0,0,0,3,0,1,0
"bologna",1818,1,0,1,0,0,0,3,0,1,0
"bologna",1819,1,0,0,0,0,0,3,0,1,0
"bologna",1820,1,0,0,0,0,0,3,0,1,0
"brescia",1781,1,0,0,0,0,0,4,0,1,0
"brescia",1782,1,0,0,0,0,0,4,0,1,0
"brescia",1783,1,0,0,0,0,0,4,0,1,0
"brescia",1784,1,0,0,0,0,0,4,0,1,0
"brescia",1785,1,0,0,0,0,0,4,0,1,0
"brescia",1786,1,0,0,0,0,0,4,0,1,0
"brescia",1787,1,0,0,0,0,0,4,0,1,0
"brescia",1788,1,0,1,0,0,0,4,0,1,0
"brescia",1789,1,0,0,0,0,0,4,0,1,0
"brescia",1790,1,0,0,0,0,0,4,0,1,0
"brescia",1791,1,0,0,0,0,0,4,0,1,0
"brescia",1792,1,0,1,1,0,1,4,0,1,0
"brescia",1793,1,0,0,0,0,0,4,0,1,0
"brescia",1794,1,0,1,0,0,0,4,0,1,0
"brescia",1795,1,0,0,0,0,0,4,0,1,0
"brescia",1796,1,0,0,0,0,0,4,0,1,0
"brescia",1797,1,0,0,0,0,0,4,0,1,0
"brescia",1798,1,0,0,0,0,0,4,0,1,0
"brescia",1799,1,0,0,0,0,0,4,0,1,0
"brescia",1800,1,0,0,0,0,0,4,0,1,0
"brescia",1801,1,0,1,0,0,0,4,1,1,0
"brescia",1802,1,0,1,0,0,0,4,1,1,0
"brescia",1803,1,0,0,0,0,0,4,1,1,0
"brescia",1804,1,0,1,0,0,0,4,1,1,0
"brescia",1805,1,0,1,0,0,0,4,1,1,0
"brescia",1806,1,0,0,0,0,0,4,1,1,0
"brescia",1807,1,0,1,0,0,0,4,1,1,0
"brescia",1808,1,0,1,0,1,0,4,1,1,0
"brescia",1809,1,0,1,1,0,0,4,1,1,0
"brescia",1810,1,0,1,0,0,0,4,1,1,0
"brescia",1811,1,0,0,0,0,0,4,1,1,0
"brescia",1812,1,0,0,0,0,0,4,1,1,0
"brescia",1813,1,0,1,0,1,0,4,1,1,0
"brescia",1814,1,0,0,0,0,0,4,1,1,0
"brescia",1815,1,0,1,0,0,1,4,1,1,0
"brescia",1816,1,0,0,0,0,0,4,1,1,0
"brescia",1817,1,0,0,0,0,0,4,1,1,0
"brescia",1818,1,0,0,0,0,0,4,1,1,0
"brescia",1819,1,0,1,0,0,0,4,1,1,0
"brescia",1820,1,0,0,0,0,0,4,1,1,0
"ferrara",1781,0,1,0,0,0,0,5,0,1,0
"ferrara",1782,0,1,0,0,0,0,5,0,1,0
"ferrara",1783,0,1,0,0,0,0,5,0,1,0
"ferrara",1784,0,1,0,0,0,0,5,0,1,0
"ferrara",1785,0,1,0,0,0,0,5,0,1,0
"ferrara",1786,0,1,0,0,0,0,5,0,1,0
"ferrara",1787,0,1,0,0,0,0,5,0,1,0
"ferrara",1788,0,1,0,0,0,0,5,0,1,0
"ferrara",1789,0,1,0,0,0,0,5,0,1,0
"ferrara",1790,0,1,0,0,0,0,5,0,1,0
"ferrara",1791,0,1,0,0,0,0,5,0,1,0
"ferrara",1792,0,1,0,0,0,0,5,0,1,0
"ferrara",1793,0,1,0,0,0,0,5,0,1,0
"ferrara",1794,0,1,0,0,0,0,5,0,1,0
"ferrara",1795,0,1,0,0,0,0,5,0,1,0
"ferrara",1796,0,1,0,0,0,0,5,0,1,0
"ferrara",1797,0,1,0,0,0,0,5,0,1,0
"ferrara",1798,0,1,0,0,0,0,5,0,1,0
"ferrara",1799,0,1,0,0,0,0,5,0,1,0
"ferrara",1800,0,1,0,0,0,0,5,0,1,0
"ferrara",1801,0,1,0,0,0,0,5,0,1,0
"ferrara",1802,0,1,0,0,0,0,5,0,1,0
"ferrara",1803,0,1,0,0,0,0,5,0,1,0
"ferrara",1804,0,1,0,0,0,0,5,0,1,0
"ferrara",1805,0,1,0,0,0,0,5,0,1,0
"ferrara",1806,0,1,0,0,0,0,5,0,1,0
"ferrara",1807,0,1,0,0,0,0,5,0,1,0
"ferrara",1808,0,1,0,0,0,0,5,0,1,0
"ferrara",1809,0,1,0,0,0,0,5,0,1,0
"ferrara",1810,0,1,0,0,0,0,5,0,1,0
"ferrara",1811,0,1,0,0,0,0,5,0,1,0
"ferrara",1812,0,1,0,0,0,0,5,0,1,0
"ferrara",1813,0,1,0,0,0,0,5,0,1,0
"ferrara",1814,0,1,0,0,0,0,5,0,1,0
"ferrara",1815,0,1,0,0,0,0,5,0,1,0
"ferrara",1816,0,1,0,0,0,0,5,0,1,0
"ferrara",1817,0,1,0,0,0,0,5,0,1,0
"ferrara",1818,0,1,0,0,0,0,5,0,1,0
"ferrara",1819,0,1,0,0,0,0,5,0,1,0
"ferrara",1820,0,1,1,0,0,0,5,0,1,0
"florence",1781,0,1,1,0,0,0,6,0,0,1
"florence",1782,0,1,1,0,0,0,6,0,0,1
"florence",1783,0,1,1,0,0,0,6,0,0,1
"florence",1784,0,1,1,0,0,0,6,0,0,1
"florence",1785,0,1,1,0,0,0,6,0,0,1
"florence",1786,0,1,1,0,0,0,6,0,0,1
"florence",1787,0,1,1,0,0,0,6,0,0,1
"florence",1788,0,1,0,0,0,0,6,0,0,1
"florence",1789,0,1,1,0,0,0,6,0,0,1
"florence",1790,0,1,1,0,0,0,6,0,0,1
"florence",1791,0,1,0,0,0,0,6,0,0,1
"florence",1792,0,1,1,0,0,0,6,0,0,1
"florence",1793,0,1,1,1,0,1,6,0,0,1
"florence",1794,0,1,1,0,0,0,6,0,0,1
"florence",1795,0,1,1,1,0,0,6,0,0,1
"florence",1796,0,1,1,0,0,0,6,0,0,1
"florence",1797,0,1,1,0,0,0,6,0,0,1
"florence",1798,0,1,1,0,0,0,6,0,0,1
"florence",1799,0,1,1,0,0,0,6,0,0,1
"florence",1800,0,1,1,0,0,0,6,0,0,1
"florence",1801,0,1,2,0,0,0,6,0,0,1
"florence",1802,0,1,2,0,0,0,6,0,0,1
"florence",1803,0,1,1,0,0,0,6,0,0,1
"florence",1804,0,1,2,0,0,0,6,0,0,1
"florence",1805,0,1,1,0,0,0,6,0,0,1
"florence",1806,0,1,1,0,0,0,6,0,0,1
"florence",1807,0,1,1,0,0,0,6,0,0,1
"florence",1808,0,1,2,0,0,0,6,0,0,1
"florence",1809,0,1,2,0,0,0,6,0,0,1
"florence",1810,0,1,2,0,0,0,6,0,0,1
"florence",1811,0,1,1,0,0,0,6,0,0,1
"florence",1812,0,1,1,0,0,0,6,0,0,1
"florence",1813,0,1,1,0,0,0,6,0,0,1
"florence",1814,0,1,1,0,0,0,6,0,0,1
"florence",1815,0,1,1,0,0,0,6,0,0,1
"florence",1816,0,1,1,0,0,0,6,0,0,1
"florence",1817,0,1,1,0,0,0,6,0,0,1
"florence",1818,0,1,1,0,0,0,6,0,0,1
"florence",1819,0,1,1,0,0,0,6,0,0,1
"florence",1820,0,1,1,0,0,0,6,0,0,1
"genoa",1781,1,0,0,0,0,0,7,0,0,1
"genoa",1782,1,0,0,0,0,0,7,0,0,1
"genoa",1783,1,0,0,0,0,0,7,0,0,1
"genoa",1784,1,0,0,0,0,0,7,0,0,1
"genoa",1785,1,0,0,0,0,0,7,0,0,1
"genoa",1786,1,0,0,0,0,0,7,0,0,1
"genoa",1787,1,0,0,0,0,0,7,0,0,1
"genoa",1788,1,0,0,0,0,0,7,0,0,1
"genoa",1789,1,0,0,0,0,0,7,0,0,1
"genoa",1790,1,0,0,0,0,0,7,0,0,1
"genoa",1791,1,0,0,0,0,0,7,0,0,1
"genoa",1792,1,0,0,0,0,0,7,0,0,1
"genoa",1793,1,0,0,0,0,0,7,0,0,1
"genoa",1794,1,0,0,0,0,0,7,0,0,1
"genoa",1795,1,0,0,0,0,0,7,0,0,1
"genoa",1796,1,0,0,0,0,0,7,0,0,1
"genoa",1797,1,0,1,0,0,0,7,0,0,1
"genoa",1798,1,0,0,0,0,0,7,0,0,1
"genoa",1799,1,0,0,0,0,0,7,0,0,1
"genoa",1800,1,0,0,0,0,0,7,0,0,1
"genoa",1801,1,0,0,0,0,0,7,0,0,1
"genoa",1802,1,0,0,0,0,0,7,0,0,1
"genoa",1803,1,0,0,0,0,0,7,0,0,1
"genoa",1804,1,0,0,0,0,0,7,0,0,1
"genoa",1805,1,0,0,0,0,0,7,0,0,1
"genoa",1806,1,0,0,0,0,0,7,0,0,1
"genoa",1807,1,0,0,0,0,0,7,0,0,1
"genoa",1808,1,0,1,0,0,0,7,0,0,1
"genoa",1809,1,0,0,0,0,0,7,0,0,1
"genoa",1810,1,0,0,0,0,0,7,0,0,1
"genoa",1811,1,0,0,0,0,0,7,0,0,1
"genoa",1812,1,0,0,0,0,0,7,0,0,1
"genoa",1813,1,0,0,0,0,0,7,0,0,1
"genoa",1814,1,0,0,0,0,0,7,0,0,1
"genoa",1815,1,0,0,0,0,0,7,0,0,1
"genoa",1816,1,0,0,0,0,0,7,0,0,1
"genoa",1817,1,0,0,0,0,0,7,0,0,1
"genoa",1818,1,0,0,0,0,0,7,0,0,1
"genoa",1819,1,0,0,0,0,0,7,0,0,1
"genoa",1820,1,0,0,0,0,0,7,0,0,1
"livorno",1781,1,0,0,0,0,0,8,0,0,1
"livorno",1782,1,0,0,0,0,0,8,0,0,1
"livorno",1783,1,0,0,0,0,0,8,0,0,1
"livorno",1784,1,0,0,0,0,0,8,0,0,1
"livorno",1785,1,0,0,0,0,0,8,0,0,1
"livorno",1786,1,0,0,0,0,0,8,0,0,1
"livorno",1787,1,0,0,0,0,0,8,0,0,1
"livorno",1788,1,0,1,0,0,0,8,0,0,1
"livorno",1789,1,0,0,0,0,0,8,0,0,1
"livorno",1790,1,0,0,0,0,0,8,0,0,1
"livorno",1791,1,0,1,0,0,0,8,0,0,1
"livorno",1792,1,0,0,0,0,0,8,0,0,1
"livorno",1793,1,0,1,0,0,0,8,0,0,1
"livorno",1794,1,0,0,0,0,0,8,0,0,1
"livorno",1795,1,0,0,0,0,0,8,0,0,1
"livorno",1796,1,0,1,1,1,1,8,0,0,1
"livorno",1797,1,0,0,0,0,0,8,0,0,1
"livorno",1798,1,0,0,0,0,0,8,0,0,1
"livorno",1799,1,0,0,0,0,0,8,0,0,1
"livorno",1800,1,0,0,0,0,0,8,0,0,1
"livorno",1801,1,0,1,0,0,0,8,0,0,1
"livorno",1802,1,0,0,0,0,0,8,0,0,1
"livorno",1803,1,0,0,0,0,0,8,0,0,1
"livorno",1804,1,0,0,0,0,0,8,0,0,1
"livorno",1805,1,0,0,0,0,0,8,0,0,1
"livorno",1806,1,0,0,0,0,0,8,0,0,1
"livorno",1807,1,0,0,0,0,0,8,0,0,1
"livorno",1808,1,0,1,1,0,0,8,0,0,1
"livorno",1809,1,0,0,0,0,0,8,0,0,1
"livorno",1810,1,0,0,0,0,0,8,0,0,1
"livorno",1811,1,0,0,0,0,0,8,0,0,1
"livorno",1812,1,0,0,0,0,0,8,0,0,1
"livorno",1813,1,0,0,0,0,0,8,0,0,1
"livorno",1814,1,0,1,0,0,0,8,0,0,1
"livorno",1815,1,0,0,0,0,0,8,0,0,1
"livorno",1816,1,0,0,0,0,0,8,0,0,1
"livorno",1817,1,0,0,0,0,0,8,0,0,1
"livorno",1818,1,0,0,0,0,0,8,0,0,1
"livorno",1819,1,0,0,0,0,0,8,0,0,1
"livorno",1820,1,0,0,0,0,0,8,0,0,1
"mantua",1781,1,0,0,0,0,0,10,0,0,1
"mantua",1782,1,0,0,0,0,0,10,0,0,1
"mantua",1783,1,0,0,0,0,0,10,0,0,1
"mantua",1784,1,0,0,0,0,0,10,0,0,1
"mantua",1785,1,0,0,0,0,0,10,0,0,1
"mantua",1786,1,0,0,0,0,0,10,0,0,1
"mantua",1787,1,0,0,0,0,0,10,0,0,1
"mantua",1788,1,0,0,0,0,0,10,0,0,1
"mantua",1789,1,0,0,0,0,0,10,0,0,1
"mantua",1790,1,0,0,0,0,0,10,0,0,1
"mantua",1791,1,0,0,0,0,0,10,0,0,1
"mantua",1792,1,0,0,0,0,0,10,0,0,1
"mantua",1793,1,0,0,0,0,0,10,0,0,1
"mantua",1794,1,0,0,0,0,0,10,0,0,1
"mantua",1795,1,0,0,0,0,0,10,0,0,1
"mantua",1796,1,0,0,0,0,0,10,0,0,1
"mantua",1797,1,0,0,0,0,0,10,0,0,1
"mantua",1798,1,0,0,0,0,0,10,0,0,1
"mantua",1799,1,0,0,0,0,0,10,0,0,1
"mantua",1800,1,0,0,0,0,0,10,0,0,1
"mantua",1801,1,0,0,0,0,0,10,1,0,1
"mantua",1802,1,0,0,0,0,0,10,1,0,1
"mantua",1803,1,0,0,0,0,0,10,1,0,1
"mantua",1804,1,0,1,0,0,0,10,1,0,1
"mantua",1805,1,0,1,0,0,0,10,1,0,1
"mantua",1806,1,0,0,0,0,0,10,1,0,1
"mantua",1807,1,0,0,0,0,0,10,1,0,1
"mantua",1808,1,0,0,0,0,0,10,1,0,1
"mantua",1809,1,0,0,0,0,0,10,1,0,1
"mantua",1810,1,0,0,0,0,0,10,1,0,1
"mantua",1811,1,0,0,0,0,0,10,1,0,1
"mantua",1812,1,0,2,0,0,0,10,1,0,1
"mantua",1813,1,0,0,0,0,0,10,1,0,1
"mantua",1814,1,0,0,0,0,0,10,1,0,1
"mantua",1815,1,0,0,0,0,0,10,1,0,1
"mantua",1816,1,0,0,0,0,0,10,1,0,1
"mantua",1817,1,0,0,0,0,0,10,1,0,1
"mantua",1818,1,0,0,0,0,0,10,1,0,1
"mantua",1819,1,0,0,0,0,0,10,1,0,1
"mantua",1820,1,0,0,0,0,0,10,1,0,1
"messina",1781,1,0,0,0,0,0,11,0,1,0
"messina",1782,1,0,0,0,0,0,11,0,1,0
"messina",1783,1,0,0,0,0,0,11,0,1,0
"messina",1784,1,0,0,0,0,0,11,0,1,0
"messina",1785,1,0,0,0,0,0,11,0,1,0
"messina",1786,1,0,1,0,0,0,11,0,1,0
"messina",1787,1,0,0,0,0,0,11,0,1,0
"messina",1788,1,0,0,0,0,0,11,0,1,0
"messina",1789,1,0,0,0,0,0,11,0,1,0
"messina",1790,1,0,0,0,0,0,11,0,1,0
"messina",1791,1,0,0,0,0,0,11,0,1,0
"messina",1792,1,0,0,0,0,0,11,0,1,0
"messina",1793,1,0,1,0,0,0,11,0,1,0
"messina",1794,1,0,0,0,0,0,11,0,1,0
"messina",1795,1,0,0,0,0,0,11,0,1,0
"messina",1796,1,0,0,0,0,0,11,0,1,0
"messina",1797,1,0,0,0,0,0,11,0,1,0
"messina",1798,1,0,0,0,0,0,11,0,1,0
"messina",1799,1,0,0,0,0,0,11,0,1,0
"messina",1800,1,0,0,0,0,0,11,0,1,0
"messina",1801,1,0,0,0,0,0,11,0,1,0
"messina",1802,1,0,0,0,0,0,11,0,1,0
"messina",1803,1,0,0,0,0,0,11,0,1,0
"messina",1804,1,0,0,0,0,0,11,0,1,0
"messina",1805,1,0,0,0,0,0,11,0,1,0
"messina",1806,1,0,0,0,0,0,11,0,1,0
"messina",1807,1,0,0,0,0,0,11,0,1,0
"messina",1808,1,0,0,0,0,0,11,0,1,0
"messina",1809,1,0,0,0,0,0,11,0,1,0
"messina",1810,1,0,0,0,0,0,11,0,1,0
"messina",1811,1,0,1,0,0,0,11,0,1,0
"messina",1812,1,0,0,0,0,0,11,0,1,0
"messina",1813,1,0,0,0,0,0,11,0,1,0
"messina",1814,1,0,0,0,0,0,11,0,1,0
"messina",1815,1,0,0,0,0,0,11,0,1,0
"messina",1816,1,0,0,0,0,0,11,0,1,0
"messina",1817,1,0,0,0,0,0,11,0,1,0
"messina",1818,1,0,0,0,0,0,11,0,1,0
"messina",1819,1,0,0,0,0,0,11,0,1,0
"messina",1820,1,0,0,0,0,0,11,0,1,0
"milan",1781,0,1,1,0,0,0,12,0,0,1
"milan",1782,0,1,1,0,0,0,12,0,0,1
"milan",1783,0,1,1,0,0,0,12,0,0,1
"milan",1784,0,1,1,0,0,0,12,0,0,1
"milan",1785,0,1,1,0,0,0,12,0,0,1
"milan",1786,0,1,1,0,0,0,12,0,0,1
"milan",1787,0,1,1,0,0,0,12,0,0,1
"milan",1788,0,1,1,0,0,0,12,0,0,1
"milan",1789,0,1,1,0,0,0,12,0,0,1
"milan",1790,0,1,1,0,0,0,12,0,0,1
"milan",1791,0,1,1,0,1,0,12,0,0,1
"milan",1792,0,1,1,0,0,0,12,0,0,1
"milan",1793,0,1,1,0,1,0,12,0,0,1
"milan",1794,0,1,1,0,0,0,12,0,0,1
"milan",1795,0,1,1,0,1,0,12,0,0,1
"milan",1796,0,1,1,0,0,0,12,0,0,1
"milan",1797,0,1,1,0,0,0,12,0,0,1
"milan",1798,0,1,1,0,1,0,12,0,0,1
"milan",1799,0,1,1,0,0,0,12,0,0,1
"milan",1800,0,1,1,0,0,0,12,0,0,1
"milan",1801,0,1,4,0,0,1,12,1,0,1
"milan",1802,0,1,3,1,0,1,12,1,0,1
"milan",1803,0,1,2,0,1,1,12,1,0,1
"milan",1804,0,1,2,0,0,1,12,1,0,1
"milan",1805,0,1,2,0,1,1,12,1,0,1
"milan",1806,0,1,2,0,1,1,12,1,0,1
"milan",1807,0,1,2,0,1,1,12,1,0,1
"milan",1808,0,1,4,1,1,1,12,1,0,1
"milan",1809,0,1,4,0,1,1,12,1,0,1
"milan",1810,0,1,2,0,2,2,12,1,0,1
"milan",1811,0,1,4,2,1,1,12,1,0,1
"milan",1812,0,1,3,2,1,1,12,1,0,1
"milan",1813,0,1,2,2,1,1,12,1,0,1
"milan",1814,0,1,3,2,2,2,12,1,0,1
"milan",1815,0,1,2,2,1,1,12,1,0,1
"milan",1816,0,1,2,2,2,1,12,1,0,1
"milan",1817,0,1,3,2,1,1,12,1,0,1
"milan",1818,0,1,2,2,2,1,12,1,0,1
"milan",1819,0,1,3,2,1,1,12,1,0,1
"milan",1820,0,1,2,2,2,1,12,1,0,1
"modena",1781,1,0,1,0,0,0,13,0,1,0
"modena",1782,1,0,0,0,0,0,13,0,1,0
"modena",1783,1,0,1,0,0,0,13,0,1,0
"modena",1784,1,0,1,0,0,0,13,0,1,0
"modena",1785,1,0,0,0,0,0,13,0,1,0
"modena",1786,1,0,1,0,0,0,13,0,1,0
"modena",1787,1,0,0,0,0,0,13,0,1,0
"modena",1788,1,0,1,0,0,0,13,0,1,0
"modena",1789,1,0,1,0,0,0,13,0,1,0
"modena",1790,1,0,0,0,0,0,13,0,1,0
"modena",1791,1,0,1,0,0,0,13,0,1,0
"modena",1792,1,0,1,0,0,0,13,0,1,0
"modena",1793,1,0,1,0,0,0,13,0,1,0
"modena",1794,1,0,0,0,0,0,13,0,1,0
"modena",1795,1,0,1,0,0,0,13,0,1,0
"modena",1796,1,0,1,0,0,0,13,0,1,0
"modena",1797,1,0,0,0,0,0,13,0,1,0
"modena",1798,1,0,1,0,0,0,13,0,1,0
"modena",1799,1,0,1,0,0,0,13,0,1,0
"modena",1800,1,0,1,0,0,0,13,0,1,0
"modena",1801,1,0,0,0,0,0,13,0,1,0
"modena",1802,1,0,1,0,0,0,13,0,1,0
"modena",1803,1,0,1,0,0,0,13,0,1,0
"modena",1804,1,0,0,0,0,0,13,0,1,0
"modena",1805,1,0,1,0,0,0,13,0,1,0
"modena",1806,1,0,0,0,0,0,13,0,1,0
"modena",1807,1,0,1,0,0,0,13,0,1,0
"modena",1808,1,0,1,0,0,0,13,0,1,0
"modena",1809,1,0,0,0,0,0,13,0,1,0
"modena",1810,1,0,1,0,0,0,13,0,1,0
"modena",1811,1,0,0,0,0,0,13,0,1,0
"modena",1812,1,0,1,0,0,0,13,0,1,0
"modena",1813,1,0,1,0,0,0,13,0,1,0
"modena",1814,1,0,0,0,0,0,13,0,1,0
"modena",1815,1,0,1,0,0,0,13,0,1,0
"modena",1816,1,0,0,0,0,0,13,0,1,0
"modena",1817,1,0,1,0,0,0,13,0,1,0
"modena",1818,1,0,1,0,0,0,13,0,1,0
"modena",1819,1,0,0,0,0,0,13,0,1,0
"modena",1820,1,0,1,0,0,0,13,0,1,0
"naples",1781,0,1,1,0,0,0,14,0,0,1
"naples",1782,0,1,2,0,0,0,14,0,0,1
"naples",1783,0,1,2,0,0,0,14,0,0,1
"naples",1784,0,1,2,0,0,0,14,0,0,1
"naples",1785,0,1,2,0,0,0,14,0,0,1
"naples",1786,0,1,2,0,0,0,14,0,0,1
"naples",1787,0,1,2,0,1,0,14,0,0,1
"naples",1788,0,1,2,0,0,0,14,0,0,1
"naples",1789,0,1,2,0,0,0,14,0,0,1
"naples",1790,0,1,2,1,0,1,14,0,0,1
"naples",1791,0,1,2,0,0,0,14,0,0,1
"naples",1792,0,1,2,1,0,1,14,0,0,1
"naples",1793,0,1,2,0,1,0,14,0,0,1
"naples",1794,0,1,2,0,0,0,14,0,0,1
"naples",1795,0,1,2,0,0,0,14,0,0,1
"naples",1796,0,1,2,0,0,0,14,0,0,1
"naples",1797,0,1,2,0,1,0,14,0,0,1
"naples",1798,0,1,2,0,0,0,14,0,0,1
"naples",1799,0,1,2,0,0,0,14,0,0,1
"naples",1800,0,1,2,0,0,0,14,0,0,1
"naples",1801,0,1,1,0,0,0,14,0,0,1
"naples",1802,0,1,2,0,0,0,14,0,0,1
"naples",1803,0,1,1,0,0,0,14,0,0,1
"naples",1804,0,1,1,0,0,0,14,0,0,1
"naples",1805,0,1,2,0,0,0,14,0,0,1
"naples",1806,0,1,1,0,0,0,14,0,0,1
"naples",1807,0,1,2,0,0,0,14,0,0,1
"naples",1808,0,1,1,0,0,0,14,0,0,1
"naples",1809,0,1,1,0,0,0,14,0,0,1
"naples",1810,0,1,1,0,0,0,14,0,0,1
"naples",1811,0,1,1,0,0,0,14,0,0,1
"naples",1812,0,1,2,0,0,0,14,0,0,1
"naples",1813,0,1,2,0,0,0,14,0,0,1
"naples",1814,0,1,2,0,0,0,14,0,0,1
"naples",1815,0,1,2,1,1,1,14,0,0,1
"naples",1816,0,1,2,2,0,2,14,0,0,1
"naples",1817,0,1,2,0,0,0,14,0,0,1
"naples",1818,0,1,2,2,2,2,14,0,0,1
"naples",1819,0,1,3,2,0,2,14,0,0,1
"naples",1820,0,1,1,0,0,0,14,0,0,1
"padova",1781,1,0,0,0,0,0,15,0,1,0
"padova",1782,1,0,0,0,0,0,15,0,1,0
"padova",1783,1,0,0,0,0,0,15,0,1,0
"padova",1784,1,0,0,0,0,0,15,0,1,0
"padova",1785,1,0,0,0,0,0,15,0,1,0
"padova",1786,1,0,1,0,0,0,15,0,1,0
"padova",1787,1,0,0,0,0,0,15,0,1,0
"padova",1788,1,0,0,0,0,0,15,0,1,0
"padova",1789,1,0,0,0,0,0,15,0,1,0
"padova",1790,1,0,0,0,0,0,15,0,1,0
"padova",1791,1,0,0,0,0,0,15,0,1,0
"padova",1792,1,0,0,0,0,0,15,0,1,0
"padova",1793,1,0,0,0,0,0,15,0,1,0
"padova",1794,1,0,0,0,0,0,15,0,1,0
"padova",1795,1,0,0,0,0,0,15,0,1,0
"padova",1796,1,0,0,0,0,0,15,0,1,0
"padova",1797,1,0,0,0,0,0,15,0,1,0
"padova",1798,1,0,0,0,0,0,15,0,1,0
"padova",1799,1,0,0,0,0,0,15,0,1,0
"padova",1800,1,0,0,0,0,0,15,0,1,0
"padova",1801,1,0,0,0,0,0,15,1,1,0
"padova",1802,1,0,0,0,0,0,15,1,1,0
"padova",1803,1,0,0,0,0,0,15,1,1,0
"padova",1804,1,0,0,0,0,0,15,1,1,0
"padova",1805,1,0,0,0,0,0,15,1,1,0
"padova",1806,1,0,0,0,0,0,15,1,1,0
"padova",1807,1,0,0,0,0,0,15,1,1,0
"padova",1808,1,0,0,0,0,0,15,1,1,0
"padova",1809,1,0,1,0,1,0,15,1,1,0
"padova",1810,1,0,0,0,0,0,15,1,1,0
"padova",1811,1,0,0,0,0,0,15,1,1,0
"padova",1812,1,0,0,0,0,0,15,1,1,0
"padova",1813,1,0,0,0,0,0,15,1,1,0
"padova",1814,1,0,0,0,0,0,15,1,1,0
"padova",1815,1,0,0,0,0,0,15,1,1,0
"padova",1816,1,0,0,0,0,0,15,1,1,0
"padova",1817,1,0,0,0,0,0,15,1,1,0
"padova",1818,1,0,0,0,0,0,15,1,1,0
"padova",1819,1,0,0,0,0,0,15,1,1,0
"padova",1820,1,0,0,0,0,0,15,1,1,0
"palermo",1781,1,0,0,0,0,0,16,0,0,1
"palermo",1782,1,0,0,0,0,0,16,0,0,1
"palermo",1783,1,0,0,0,0,0,16,0,0,1
"palermo",1784,1,0,1,0,0,0,16,0,0,1
"palermo",1785,1,0,0,0,0,0,16,0,0,1
"palermo",1786,1,0,0,0,0,0,16,0,0,1
"palermo",1787,1,0,0,0,0,0,16,0,0,1
"palermo",1788,1,0,0,0,0,0,16,0,0,1
"palermo",1789,1,0,0,0,0,0,16,0,0,1
"palermo",1790,1,0,0,0,0,0,16,0,0,1
"palermo",1791,1,0,1,0,0,0,16,0,0,1
"palermo",1792,1,0,0,0,0,0,16,0,0,1
"palermo",1793,1,0,0,0,0,0,16,0,0,1
"palermo",1794,1,0,0,0,0,0,16,0,0,1
"palermo",1795,1,0,0,0,0,0,16,0,0,1
"palermo",1796,1,0,0,0,0,0,16,0,0,1
"palermo",1797,1,0,1,0,0,0,16,0,0,1
"palermo",1798,1,0,0,0,0,0,16,0,0,1
"palermo",1799,1,0,0,0,0,0,16,0,0,1
"palermo",1800,1,0,0,0,0,0,16,0,0,1
"palermo",1801,1,0,0,0,0,0,16,0,0,1
"palermo",1802,1,0,0,0,0,0,16,0,0,1
"palermo",1803,1,0,0,0,0,0,16,0,0,1
"palermo",1804,1,0,0,0,0,0,16,0,0,1
"palermo",1805,1,0,0,0,0,0,16,0,0,1
"palermo",1806,1,0,0,0,0,0,16,0,0,1
"palermo",1807,1,0,0,0,0,0,16,0,0,1
"palermo",1808,1,0,0,0,0,0,16,0,0,1
"palermo",1809,1,0,0,0,0,0,16,0,0,1
"palermo",1810,1,0,0,0,0,0,16,0,0,1
"palermo",1811,1,0,1,0,0,0,16,0,0,1
"palermo",1812,1,0,0,0,0,0,16,0,0,1
"palermo",1813,1,0,0,0,0,0,16,0,0,1
"palermo",1814,1,0,0,0,0,0,16,0,0,1
"palermo",1815,1,0,0,0,0,0,16,0,0,1
"palermo",1816,1,0,0,0,0,0,16,0,0,1
"palermo",1817,1,0,0,0,0,0,16,0,0,1
"palermo",1818,1,0,0,0,0,0,16,0,0,1
"palermo",1819,1,0,0,0,0,0,16,0,0,1
"palermo",1820,1,0,0,0,0,0,16,0,0,1
"parma",1781,1,0,1,0,0,0,17,0,1,0
"parma",1782,1,0,0,0,0,0,17,0,1,0
"parma",1783,1,0,1,0,0,0,17,0,1,0
"parma",1784,1,0,1,0,0,0,17,0,1,0
"parma",1785,1,0,0,0,0,0,17,0,1,0
"parma",1786,1,0,1,0,0,0,17,0,1,0
"parma",1787,1,0,0,0,0,0,17,0,1,0
"parma",1788,1,0,1,0,0,0,17,0,1,0
"parma",1789,1,0,1,0,0,0,17,0,1,0
"parma",1790,1,0,0,0,0,0,17,0,1,0
"parma",1791,1,0,1,0,0,0,17,0,1,0
"parma",1792,1,0,1,1,1,0,17,0,1,0
"parma",1793,1,0,1,0,0,0,17,0,1,0
"parma",1794,1,0,0,0,0,0,17,0,1,0
"parma",1795,1,0,1,0,0,0,17,0,1,0
"parma",1796,1,0,1,0,0,0,17,0,1,0
"parma",1797,1,0,0,0,0,0,17,0,1,0
"parma",1798,1,0,1,1,1,1,17,0,1,0
"parma",1799,1,0,1,0,0,0,17,0,1,0
"parma",1800,1,0,1,0,0,0,17,0,1,0
"parma",1801,1,0,0,0,0,0,17,0,1,0
"parma",1802,1,0,1,0,0,0,17,0,1,0
"parma",1803,1,0,1,0,0,0,17,0,1,0
"parma",1804,1,0,0,0,0,0,17,0,1,0
"parma",1805,1,0,1,0,0,0,17,0,1,0
"parma",1806,1,0,0,0,0,0,17,0,1,0
"parma",1807,1,0,1,0,0,0,17,0,1,0
"parma",1808,1,0,1,0,0,0,17,0,1,0
"parma",1809,1,0,0,0,0,0,17,0,1,0
"parma",1810,1,0,1,0,0,0,17,0,1,0
"parma",1811,1,0,0,0,0,0,17,0,1,0
"parma",1812,1,0,1,0,0,0,17,0,1,0
"parma",1813,1,0,1,0,0,0,17,0,1,0
"parma",1814,1,0,0,0,0,0,17,0,1,0
"parma",1815,1,0,1,0,0,0,17,0,1,0
"parma",1816,1,0,1,0,0,0,17,0,1,0
"parma",1817,1,0,1,0,0,0,17,0,1,0
"parma",1818,1,0,1,0,0,0,17,0,1,0
"parma",1819,1,0,0,0,0,0,17,0,1,0
"parma",1820,1,0,1,0,0,0,17,0,1,0
"piacenza",1781,1,0,1,0,0,0,18,0,1,0
"piacenza",1782,1,0,0,0,0,0,18,0,1,0
"piacenza",1783,1,0,0,0,0,0,18,0,1,0
"piacenza",1784,1,0,1,0,0,0,18,0,1,0
"piacenza",1785,1,0,0,0,0,0,18,0,1,0
"piacenza",1786,1,0,1,0,0,0,18,0,1,0
"piacenza",1787,1,0,0,0,0,0,18,0,1,0
"piacenza",1788,1,0,0,0,0,0,18,0,1,0
"piacenza",1789,1,0,1,0,0,0,18,0,1,0
"piacenza",1790,1,0,0,0,0,0,18,0,1,0
"piacenza",1791,1,0,0,0,0,0,18,0,1,0
"piacenza",1792,1,0,0,0,0,0,18,0,1,0
"piacenza",1793,1,0,1,0,0,0,18,0,1,0
"piacenza",1794,1,0,0,0,0,0,18,0,1,0
"piacenza",1795,1,0,0,0,0,0,18,0,1,0
"piacenza",1796,1,0,1,0,0,0,18,0,1,0
"piacenza",1797,1,0,0,0,0,0,18,0,1,0
"piacenza",1798,1,0,0,0,0,0,18,0,1,0
"piacenza",1799,1,0,0,0,0,0,18,0,1,0
"piacenza",1800,1,0,1,0,0,0,18,0,1,0
"piacenza",1801,1,0,0,0,0,0,18,0,1,0
"piacenza",1802,1,0,0,0,0,0,18,0,1,0
"piacenza",1803,1,0,1,0,0,0,18,0,1,0
"piacenza",1804,1,0,0,0,0,0,18,0,1,0
"piacenza",1805,1,0,1,0,0,0,18,0,1,0
"piacenza",1806,1,0,0,0,0,0,18,0,1,0
"piacenza",1807,1,0,0,0,0,0,18,0,1,0
"piacenza",1808,1,0,1,0,0,0,18,0,1,0
"piacenza",1809,1,0,0,0,0,0,18,0,1,0
"piacenza",1810,1,0,1,0,0,0,18,0,1,0
"piacenza",1811,1,0,0,0,0,0,18,0,1,0
"piacenza",1812,1,0,0,0,0,0,18,0,1,0
"piacenza",1813,1,0,1,0,0,0,18,0,1,0
"piacenza",1814,1,0,0,0,0,0,18,0,1,0
"piacenza",1815,1,0,1,0,0,0,18,0,1,0
"piacenza",1816,1,0,0,0,0,0,18,0,1,0
"piacenza",1817,1,0,0,0,0,0,18,0,1,0
"piacenza",1818,1,0,1,0,0,0,18,0,1,0
"piacenza",1819,1,0,0,0,0,0,18,0,1,0
"piacenza",1820,1,0,1,0,0,0,18,0,1,0
"reggio_emilia",1781,1,0,0,0,0,0,19,0,1,0
"reggio_emilia",1782,1,0,1,0,0,0,19,0,1,0
"reggio_emilia",1783,1,0,0,0,0,0,19,0,1,0
"reggio_emilia",1784,1,0,0,0,0,0,19,0,1,0
"reggio_emilia",1785,1,0,1,0,0,0,19,0,1,0
"reggio_emilia",1786,1,0,0,0,0,0,19,0,1,0
"reggio_emilia",1787,1,0,1,0,0,0,19,0,1,0
"reggio_emilia",1788,1,0,0,0,0,0,19,0,1,0
"reggio_emilia",1789,1,0,0,0,0,0,19,0,1,0
"reggio_emilia",1790,1,0,1,0,0,0,19,0,1,0
"reggio_emilia",1791,1,0,0,0,0,0,19,0,1,0
"reggio_emilia",1792,1,0,0,0,0,0,19,0,1,0
"reggio_emilia",1793,1,0,0,0,0,0,19,0,1,0
"reggio_emilia",1794,1,0,1,0,0,0,19,0,1,0
"reggio_emilia",1795,1,0,0,0,0,0,19,0,1,0
"reggio_emilia",1796,1,0,0,0,0,0,19,0,1,0
"reggio_emilia",1797,1,0,1,0,0,0,19,0,1,0
"reggio_emilia",1798,1,0,0,0,0,0,19,0,1,0
"reggio_emilia",1799,1,0,0,0,0,0,19,0,1,0
"reggio_emilia",1800,1,0,0,0,0,0,19,0,1,0
"reggio_emilia",1801,1,0,1,0,0,0,19,0,1,0
"reggio_emilia",1802,1,0,0,0,0,0,19,0,1,0
"reggio_emilia",1803,1,0,0,0,0,0,19,0,1,0
"reggio_emilia",1804,1,0,1,0,0,0,19,0,1,0
"reggio_emilia",1805,1,0,0,0,0,0,19,0,1,0
"reggio_emilia",1806,1,0,1,0,0,0,19,0,1,0
"reggio_emilia",1807,1,0,0,0,0,0,19,0,1,0
"reggio_emilia",1808,1,0,0,0,0,0,19,0,1,0
"reggio_emilia",1809,1,0,1,0,0,0,19,0,1,0
"reggio_emilia",1810,1,0,0,0,0,0,19,0,1,0
"reggio_emilia",1811,1,0,1,0,0,0,19,0,1,0
"reggio_emilia",1812,1,0,0,0,0,0,19,0,1,0
"reggio_emilia",1813,1,0,0,0,0,0,19,0,1,0
"reggio_emilia",1814,1,0,1,0,0,0,19,0,1,0
"reggio_emilia",1815,1,0,0,0,0,0,19,0,1,0
"reggio_emilia",1816,1,0,1,0,0,0,19,0,1,0
"reggio_emilia",1817,1,0,0,0,0,0,19,0,1,0
"reggio_emilia",1818,1,0,0,0,0,0,19,0,1,0
"reggio_emilia",1819,1,0,1,0,0,0,19,0,1,0
"reggio_emilia",1820,1,0,0,0,0,0,19,0,1,0
"rome",1781,0,1,2,0,0,0,20,0,0,1
"rome",1782,0,1,1,0,0,0,20,0,0,1
"rome",1783,0,1,1,0,0,0,20,0,0,1
"rome",1784,0,1,1,0,0,0,20,0,0,1
"rome",1785,0,1,1,0,0,0,20,0,0,1
"rome",1786,0,1,1,0,0,0,20,0,0,1
"rome",1787,0,1,1,0,0,0,20,0,0,1
"rome",1788,0,1,1,0,0,0,20,0,0,1
"rome",1789,0,1,1,1,0,0,20,0,0,1
"rome",1790,0,1,1,0,0,0,20,0,0,1
"rome",1791,0,1,1,0,0,0,20,0,0,1
"rome",1792,0,1,1,0,0,0,20,0,0,1
"rome",1793,0,1,1,0,0,0,20,0,0,1
"rome",1794,0,1,1,0,0,0,20,0,0,1
"rome",1795,0,1,1,1,1,1,20,0,0,1
"rome",1796,0,1,1,0,0,0,20,0,0,1
"rome",1797,0,1,2,0,0,0,20,0,0,1
"rome",1798,0,1,1,0,0,0,20,0,0,1
"rome",1799,0,1,1,0,0,0,20,0,0,1
"rome",1800,0,1,3,0,0,0,20,0,0,1
"rome",1801,0,1,3,0,0,0,20,0,0,1
"rome",1802,0,1,7,0,0,0,20,0,0,1
"rome",1803,0,1,2,0,0,0,20,0,0,1
"rome",1804,0,1,4,0,0,0,20,0,0,1
"rome",1805,0,1,2,0,0,0,20,0,0,1
"rome",1806,0,1,1,0,0,0,20,0,0,1
"rome",1807,0,1,2,1,0,1,20,0,0,1
"rome",1808,0,1,4,0,0,0,20,0,0,1
"rome",1809,0,1,4,0,0,0,20,0,0,1
"rome",1810,0,1,5,1,0,1,20,0,0,1
"rome",1811,0,1,2,0,0,0,20,0,0,1
"rome",1812,0,1,4,0,0,0,20,0,0,1
"rome",1813,0,1,1,0,0,0,20,0,0,1
"rome",1814,0,1,1,0,0,0,20,0,0,1
"rome",1815,0,1,1,0,1,0,20,0,0,1
"rome",1816,0,1,7,2,2,2,20,0,0,1
"rome",1817,0,1,2,1,1,1,20,0,0,1
"rome",1818,0,1,4,0,0,0,20,0,0,1
"rome",1819,0,1,3,0,0,0,20,0,0,1
"rome",1820,0,1,6,0,0,0,20,0,0,1
"rovigo",1781,1,0,0,0,0,0,21,0,1,0
"rovigo",1782,1,0,0,0,0,0,21,0,1,0
"rovigo",1783,1,0,0,0,0,0,21,0,1,0
"rovigo",1784,1,0,0,0,0,0,21,0,1,0
"rovigo",1785,1,0,0,0,0,0,21,0,1,0
"rovigo",1786,1,0,0,0,0,0,21,0,1,0
"rovigo",1787,1,0,0,0,0,0,21,0,1,0
"rovigo",1788,1,0,0,0,0,0,21,0,1,0
"rovigo",1789,1,0,1,0,0,0,21,0,1,0
"rovigo",1790,1,0,1,0,0,0,21,0,1,0
"rovigo",1791,1,0,0,0,0,0,21,0,1,0
"rovigo",1792,1,0,0,0,0,0,21,0,1,0
"rovigo",1793,1,0,0,0,0,0,21,0,1,0
"rovigo",1794,1,0,1,0,0,0,21,0,1,0
"rovigo",1795,1,0,0,0,0,0,21,0,1,0
"rovigo",1796,1,0,0,0,0,0,21,0,1,0
"rovigo",1797,1,0,0,0,0,0,21,0,1,0
"rovigo",1798,1,0,0,0,0,0,21,0,1,0
"rovigo",1799,1,0,0,0,0,0,21,0,1,0
"rovigo",1800,1,0,0,0,0,0,21,0,1,0
"rovigo",1801,1,0,0,0,0,0,21,1,1,0
"rovigo",1802,1,0,1,0,0,0,21,1,1,0
"rovigo",1803,1,0,0,0,0,0,21,1,1,0
"rovigo",1804,1,0,0,0,0,0,21,1,1,0
"rovigo",1805,1,0,1,0,0,0,21,1,1,0
"rovigo",1806,1,0,0,0,0,0,21,1,1,0
"rovigo",1807,1,0,1,1,0,0,21,1,1,0
"rovigo",1808,1,0,1,0,1,0,21,1,1,0
"rovigo",1809,1,0,0,0,0,0,21,1,1,0
"rovigo",1810,1,0,1,1,0,0,21,1,1,0
"rovigo",1811,1,0,1,0,0,1,21,1,1,0
"rovigo",1812,1,0,0,0,0,0,21,1,1,0
"rovigo",1813,1,0,1,0,0,0,21,1,1,0
"rovigo",1814,1,0,1,0,0,0,21,1,1,0
"rovigo",1815,1,0,0,0,0,0,21,1,1,0
"rovigo",1816,1,0,1,0,0,0,21,1,1,0
"rovigo",1817,1,0,0,0,0,0,21,1,1,0
"rovigo",1818,1,0,0,0,0,0,21,1,1,0
"rovigo",1819,1,0,1,0,1,0,21,1,1,0
"rovigo",1820,1,0,1,0,0,0,21,1,1,0
"turin",1781,0,1,2,0,0,0,22,0,0,1
"turin",1782,0,1,1,0,0,0,22,0,0,1
"turin",1783,0,1,1,0,0,0,22,0,0,1
"turin",1784,0,1,1,0,0,0,22,0,0,1
"turin",1785,0,1,1,0,0,0,22,0,0,1
"turin",1786,0,1,1,0,0,0,22,0,0,1
"turin",1787,0,1,1,0,0,0,22,0,0,1
"turin",1788,0,1,1,0,0,0,22,0,0,1
"turin",1789,0,1,1,0,0,0,22,0,0,1
"turin",1790,0,1,1,0,0,0,22,0,0,1
"turin",1791,0,1,1,0,0,0,22,0,0,1
"turin",1792,0,1,1,1,0,0,22,0,0,1
"turin",1793,0,1,1,0,0,0,22,0,0,1
"turin",1794,0,1,1,0,0,0,22,0,0,1
"turin",1795,0,1,1,0,0,0,22,0,0,1
"turin",1796,0,1,1,0,0,0,22,0,0,1
"turin",1797,0,1,3,0,0,0,22,0,0,1
"turin",1798,0,1,2,0,0,0,22,0,0,1
"turin",1799,0,1,1,0,0,0,22,0,0,1
"turin",1800,0,1,1,0,0,0,22,0,0,1
"turin",1801,0,1,1,0,0,0,22,0,0,1
"turin",1802,0,1,1,0,0,0,22,0,0,1
"turin",1803,0,1,1,0,0,0,22,0,0,1
"turin",1804,0,1,1,0,0,0,22,0,0,1
"turin",1805,0,1,2,0,0,0,22,0,0,1
"turin",1806,0,1,2,0,0,0,22,0,0,1
"turin",1807,0,1,1,0,0,0,22,0,0,1
"turin",1808,0,1,3,0,0,0,22,0,0,1
"turin",1809,0,1,2,0,0,0,22,0,0,1
"turin",1810,0,1,2,0,0,0,22,0,0,1
"turin",1811,0,1,1,0,0,0,22,0,0,1
"turin",1812,0,1,2,0,0,0,22,0,0,1
"turin",1813,0,1,3,0,0,0,22,0,0,1
"turin",1814,0,1,1,0,0,0,22,0,0,1
"turin",1815,0,1,3,0,0,0,22,0,0,1
"turin",1816,0,1,2,0,0,0,22,0,0,1
"turin",1817,0,1,2,0,0,0,22,0,0,1
"turin",1818,0,1,2,0,0,0,22,0,0,1
"turin",1819,0,1,1,0,0,0,22,0,0,1
"turin",1820,0,1,2,2,0,2,22,0,0,1
"venice",1781,0,1,1,0,0,0,23,0,0,1
"venice",1782,0,1,1,0,0,0,23,0,0,1
"venice",1783,0,1,1,0,0,0,23,0,0,1
"venice",1784,0,1,1,0,0,0,23,0,0,1
"venice",1785,0,1,1,0,0,0,23,0,0,1
"venice",1786,0,1,1,0,0,0,23,0,0,1
"venice",1787,0,1,1,0,0,0,23,0,0,1
"venice",1788,0,1,1,1,0,1,23,0,0,1
"venice",1789,0,1,1,0,0,0,23,0,0,1
"venice",1790,0,1,1,0,0,0,23,0,0,1
"venice",1791,0,1,1,0,0,0,23,0,0,1
"venice",1792,0,1,1,0,0,0,23,0,0,1
"venice",1793,0,1,1,0,0,0,23,0,0,1
"venice",1794,0,1,1,0,0,0,23,0,0,1
"venice",1795,0,1,1,1,0,1,23,0,0,1
"venice",1796,0,1,1,2,0,2,23,0,0,1
"venice",1797,0,1,1,0,0,0,23,0,0,1
"venice",1798,0,1,1,0,0,0,23,0,0,1
"venice",1799,0,1,1,0,0,0,23,0,0,1
"venice",1800,0,1,1,0,0,0,23,0,0,1
"venice",1801,0,1,3,0,0,0,23,1,0,1
"venice",1802,0,1,3,0,0,0,23,1,0,1
"venice",1803,0,1,8,0,0,1,23,1,0,1
"venice",1804,0,1,8,0,0,0,23,1,0,1
"venice",1805,0,1,7,0,0,1,23,1,0,1
"venice",1806,0,1,1,0,0,2,23,1,0,1
"venice",1807,0,1,4,0,0,0,23,1,0,1
"venice",1808,0,1,2,1,0,1,23,1,0,1
"venice",1809,0,1,4,2,0,0,23,1,0,1
"venice",1810,0,1,7,2,0,1,23,1,0,1
"venice",1811,0,1,1,2,0,2,23,1,0,1
"venice",1812,0,1,6,2,0,0,23,1,0,1
"venice",1813,0,1,4,2,0,1,23,1,0,1
"venice",1814,0,1,3,2,0,2,23,1,0,1
"venice",1815,0,1,4,1,1,1,23,1,0,1
"venice",1816,0,1,4,2,0,0,23,1,0,1
"venice",1817,0,1,2,1,0,0,23,1,0,1
"venice",1818,0,1,5,2,0,1,23,1,0,1
"venice",1819,0,1,3,2,0,0,23,1,0,1
"venice",1820,0,1,5,2,0,0,23,1,0,1
"verona",1781,1,0,1,0,0,0,24,0,1,0
"verona",1782,1,0,0,0,0,0,24,0,1,0
"verona",1783,1,0,0,0,0,0,24,0,1,0
"verona",1784,1,0,1,0,0,0,24,0,1,0
"verona",1785,1,0,0,0,0,0,24,0,1,0
"verona",1786,1,0,0,0,0,0,24,0,1,0
"verona",1787,1,0,1,0,0,0,24,0,1,0
"verona",1788,1,0,0,0,0,0,24,0,1,0
"verona",1789,1,0,0,0,0,0,24,0,1,0
"verona",1790,1,0,1,0,0,0,24,0,1,0
"verona",1791,1,0,0,0,0,0,24,0,1,0
"verona",1792,1,0,0,0,0,0,24,0,1,0
"verona",1793,1,0,0,0,0,0,24,0,1,0
"verona",1794,1,0,0,0,0,0,24,0,1,0
"verona",1795,1,0,0,0,0,0,24,0,1,0
"verona",1796,1,0,0,0,0,0,24,0,1,0
"verona",1797,1,0,0,0,0,0,24,0,1,0
"verona",1798,1,0,0,0,0,0,24,0,1,0
"verona",1799,1,0,0,0,0,0,24,0,1,0
"verona",1800,1,0,0,0,0,0,24,0,1,0
"verona",1801,1,0,0,0,0,0,24,1,1,0
"verona",1802,1,0,1,0,0,1,24,1,1,0
"verona",1803,1,0,0,0,0,0,24,1,1,0
"verona",1804,1,0,0,0,0,0,24,1,1,0
"verona",1805,1,0,1,0,0,1,24,1,1,0
"verona",1806,1,0,1,0,0,0,24,1,1,0
"verona",1807,1,0,0,0,0,0,24,1,1,0
"verona",1808,1,0,1,1,0,0,24,1,1,0
"verona",1809,1,0,0,0,0,0,24,1,1,0
"verona",1810,1,0,0,0,0,0,24,1,1,0
"verona",1811,1,0,1,0,0,0,24,1,1,0
"verona",1812,1,0,1,0,0,0,24,1,1,0
"verona",1813,1,0,1,0,1,0,24,1,1,0
"verona",1814,1,0,0,0,0,0,24,1,1,0
"verona",1815,1,0,0,0,0,0,24,1,1,0
"verona",1816,1,0,1,1,1,0,24,1,1,0
"verona",1817,1,0,0,0,0,0,24,1,1,0
"verona",1818,1,0,1,1,0,0,24,1,1,0
"verona",1819,1,0,0,0,0,0,24,1,1,0
"verona",1820,1,0,0,0,0,0,24,1,1,0
"vicenza",1781,1,0,0,0,0,0,25,0,1,0
"vicenza",1782,1,0,0,0,0,0,25,0,1,0
"vicenza",1783,1,0,0,0,0,0,25,0,1,0
"vicenza",1784,1,0,1,0,0,0,25,0,1,0
"vicenza",1785,1,0,0,0,0,0,25,0,1,0
"vicenza",1786,1,0,0,0,0,0,25,0,1,0
"vicenza",1787,1,0,1,0,0,0,25,0,1,0
"vicenza",1788,1,0,0,0,0,0,25,0,1,0
"vicenza",1789,1,0,0,0,0,0,25,0,1,0
"vicenza",1790,1,0,0,0,0,0,25,0,1,0
"vicenza",1791,1,0,0,0,0,0,25,0,1,0
"vicenza",1792,1,0,0,0,0,0,25,0,1,0
"vicenza",1793,1,0,0,0,0,0,25,0,1,0
"vicenza",1794,1,0,2,0,0,0,25,0,1,0
"vicenza",1795,1,0,0,0,0,0,25,0,1,0
"vicenza",1796,1,0,0,0,0,0,25,0,1,0
"vicenza",1797,1,0,1,0,0,0,25,0,1,0
"vicenza",1798,1,0,0,0,0,0,25,0,1,0
"vicenza",1799,1,0,0,0,0,0,25,0,1,0
"vicenza",1800,1,0,0,0,0,0,25,0,1,0
"vicenza",1801,1,0,0,0,0,0,25,1,1,0
"vicenza",1802,1,0,0,0,0,0,25,1,1,0
"vicenza",1803,1,0,1,1,0,0,25,1,1,0
"vicenza",1804,1,0,0,0,0,0,25,1,1,0
"vicenza",1805,1,0,1,0,0,1,25,1,1,0
"vicenza",1806,1,0,0,0,0,0,25,1,1,0
"vicenza",1807,1,0,0,0,0,0,25,1,1,0
"vicenza",1808,1,0,1,0,0,0,25,1,1,0
"vicenza",1809,1,0,0,0,0,0,25,1,1,0
"vicenza",1810,1,0,0,0,0,0,25,1,1,0
"vicenza",1811,1,0,1,0,0,0,25,1,1,0
"vicenza",1812,1,0,0,0,0,0,25,1,1,0
"vicenza",1813,1,0,1,0,1,0,25,1,1,0
"vicenza",1814,1,0,0,0,0,0,25,1,1,0
"vicenza",1815,1,0,1,1,0,0,25,1,1,0
"vicenza",1816,1,0,0,0,0,0,25,1,1,0
"vicenza",1817,1,0,0,0,0,0,25,1,1,0
"vicenza",1818,1,0,0,0,0,0,25,1,1,0
"vicenza",1819,1,0,1,0,0,0,25,1,1,0
"vicenza",1820,1,0,0,0,0,0,25,1,1,0
