"composer_id","state1","year","post1801","copyright","copyright_post1801","returning_copyright_post1801","stayers_copyright_post1801","tot_operas","ret_france_austria","comp_operas","annals","met","amazon","returning","stayers"
1,6,1812,1,0,0,0,0,1,1,1,0,0,0,0,0
2,6,1812,1,0,0,0,0,1,1,1,0,0,0,0,0
3,4,1782,0,1,0,0,0,24,1,1,0,0,0,0,0
3,7,1788,0,0,0,0,0,24,1,2,0,0,0,0,0
3,5,1785,0,0,0,0,0,24,1,1,0,0,0,0,0
3,7,1790,0,0,0,0,0,24,1,1,0,0,0,0,0
3,4,1812,1,1,1,0,0,24,1,8,2,0,2,0,0
3,6,1781,0,0,0,0,0,24,1,1,0,0,0,0,0
3,5,1782,0,0,0,0,0,24,0,1,0,0,0,0,0
3,7,1791,0,0,0,0,0,24,1,1,0,0,0,0,0
3,6,1783,0,0,0,0,0,24,1,1,0,0,0,0,0
3,8,1783,0,1,0,0,0,24,1,1,0,0,0,0,0
3,8,1793,0,1,0,0,0,24,1,1,0,0,0,0,0
3,7,1803,1,0,0,0,0,24,1,2,0,0,0,0,0
3,7,1793,0,0,0,0,0,24,1,1,0,0,1,0,0
3,8,1781,0,1,0,0,0,24,1,1,0,0,0,0,0
3,7,1802,1,0,0,0,0,24,1,1,0,0,0,0,0
4,7,1820,1,0,0,0,0,1,1,1,0,0,0,0,0
5,7,1791,0,0,0,0,0,4,1,1,0,0,0,0,0
5,7,1800,0,0,0,0,0,4,1,1,0,0,0,0,0
5,4,1819,1,1,1,0,0,4,1,1,0,0,0,0,0
5,7,1785,0,0,0,0,0,4,1,1,0,0,0,0,0
7,6,1817,1,0,0,0,0,2,1,1,0,0,0,0,0
7,5,1812,1,0,0,0,0,2,1,1,0,0,0,0,0
8,4,1817,1,1,1,0,0,11,1,1,0,0,0,0,0
8,4,1814,1,1,1,0,0,11,1,8,2,2,2,0,0
8,4,1793,0,1,0,0,0,11,1,1,0,0,0,0,0
8,6,1819,1,0,0,0,0,11,1,1,0,0,0,0,0
9,7,1817,1,0,0,0,0,20,1,1,0,0,0,0,0
9,8,1820,1,1,1,0,0,20,1,1,0,0,0,0,0
9,4,1817,1,1,1,0,0,20,1,1,0,1,0,0,0
9,7,1802,1,0,0,0,0,20,1,1,0,0,0,0,0
9,4,1784,0,1,0,0,0,20,1,1,0,0,0,0,0
9,8,1818,1,1,1,0,0,20,1,1,0,0,0,0,0
9,7,1816,1,0,0,0,0,20,1,1,0,0,0,0,0
9,7,1815,1,0,0,0,0,20,1,1,0,0,0,0,0
9,7,1818,1,0,0,0,0,20,1,1,0,0,0,0,0
9,4,1815,1,1,1,0,0,20,1,9,2,0,2,0,0
9,4,1820,1,1,1,0,0,20,1,1,0,0,0,0,0
9,7,1811,1,0,0,0,0,20,1,1,0,0,0,0,0
10,5,1805,1,0,0,0,0,6,1,1,0,0,0,0,0
10,7,1788,0,0,0,0,0,6,1,1,0,0,0,0,0
10,7,1790,0,0,0,0,0,6,1,1,1,1,0,0,0
10,3,1813,1,0,0,0,0,6,1,1,0,0,0,0,0
10,7,1789,0,0,0,0,0,6,1,1,0,0,0,0,0
10,5,1800,0,0,0,0,0,6,1,1,0,0,0,0,0
11,7,1819,1,0,0,0,0,3,1,1,0,0,0,0,0
11,7,1820,1,0,0,0,0,3,1,1,0,0,1,0,0
11,7,1814,1,0,0,0,0,3,1,1,0,0,0,0,0
12,4,1792,0,1,0,0,0,1,1,1,0,0,0,0,0
13,7,1799,0,0,0,0,0,53,1,1,0,0,0,1,0
13,7,1801,1,0,0,0,0,53,1,1,0,0,0,1,0
13,7,1785,0,0,0,0,0,53,1,3,0,0,0,1,0
13,8,1801,1,1,1,1,0,53,1,1,1,1,1,1,0
13,7,1783,0,0,0,0,0,53,1,4,0,0,0,1,0
13,7,1804,1,0,0,0,0,53,1,1,0,0,0,1,0
13,4,1783,0,1,0,0,0,53,1,1,0,0,0,1,0
13,6,1781,0,0,0,0,0,53,1,1,0,0,0,1,0
13,5,1797,0,0,0,0,0,53,1,3,0,0,0,1,0
13,7,1794,0,0,0,0,0,53,1,6,2,2,1,1,0
13,6,1797,0,0,0,0,0,53,1,1,0,0,0,1,0
13,7,1782,0,0,0,0,0,53,1,3,0,0,0,1,0
13,5,1795,0,0,0,0,0,53,1,1,1,1,1,1,0
13,5,1784,0,0,0,0,0,53,1,1,0,0,0,1,0
13,7,1795,0,0,0,0,0,53,1,3,0,0,0,1,0
13,5,1801,1,0,0,0,0,53,1,1,0,0,0,1,0
13,1,1797,0,0,0,0,0,53,0,1,0,0,0,1,0
13,6,1787,0,0,0,0,0,53,1,1,0,0,0,1,0
13,7,1797,0,0,0,0,0,53,1,1,0,0,1,1,0
13,5,1781,0,0,0,0,0,53,0,3,0,0,0,1,0
13,8,1782,0,1,0,0,0,53,1,1,0,0,0,1,0
13,7,1801,1,0,0,0,0,53,1,1,0,0,0,1,0
13,8,1796,0,1,0,0,0,53,1,1,0,0,0,1,0
13,7,1793,0,0,0,0,0,53,1,1,1,1,1,1,0
13,7,1781,0,0,0,0,0,53,1,1,0,0,0,1,0
13,8,1781,0,1,0,0,0,53,1,3,0,0,0,1,0
13,8,1784,0,1,0,0,0,53,1,1,0,0,0,1,0
13,7,1787,0,0,0,0,0,53,1,1,0,0,0,1,0
13,5,1802,1,0,0,0,0,53,1,1,0,0,0,1,0
13,7,1784,0,0,0,0,0,53,1,1,0,0,0,1,0
13,4,1813,1,1,1,1,0,53,1,9,6,0,6,1,0
13,5,1783,0,0,0,0,0,53,0,1,0,0,0,1,0
13,7,1786,0,0,0,0,0,53,1,4,0,0,0,1,0
13,6,1784,0,0,0,0,0,53,1,1,0,0,0,1,0
13,7,1798,0,0,0,0,0,53,1,1,0,0,0,1,0
14,3,1819,1,0,0,0,0,24,1,1,0,0,0,0,0
14,8,1814,1,1,1,0,0,24,1,2,0,0,0,0,0
14,8,1799,0,1,0,0,0,24,1,1,0,0,0,0,0
14,6,1818,1,0,0,0,0,24,1,1,0,0,0,0,0
14,5,1809,1,0,0,0,0,24,0,1,0,0,0,0,0
14,5,1808,1,0,0,0,0,24,1,1,0,0,0,0,0
14,8,1810,1,1,1,0,0,24,1,1,0,0,1,0,0
14,8,1817,1,1,1,0,0,24,1,1,0,0,0,0,0
14,6,1817,1,0,0,0,0,24,1,1,0,0,0,0,0
14,5,1816,1,0,0,0,0,24,1,2,0,0,0,0,0
14,5,1810,1,0,0,0,0,24,1,1,1,1,0,0,0
14,5,1811,1,0,0,0,0,24,1,1,0,0,0,0,0
14,6,1815,1,0,0,0,0,24,1,1,0,0,0,0,0
14,5,1817,1,0,0,0,0,24,1,1,0,0,1,0,0
14,8,1812,1,1,1,0,0,24,1,2,0,0,0,0,0
14,8,1816,1,1,1,0,0,24,1,1,0,0,0,0,0
14,8,1815,1,1,1,0,0,24,1,4,2,2,2,0,0
14,3,1809,1,0,0,0,0,24,1,1,0,0,0,0,0
15,7,1820,1,0,0,0,0,2,1,1,0,0,0,0,0
15,7,1819,1,0,0,0,0,2,1,1,0,0,0,0,0
16,7,1816,1,0,0,0,0,1,1,1,0,0,0,0,0
17,5,1818,1,0,0,0,0,9,1,1,0,0,0,0,0
17,7,1819,1,0,0,0,0,9,1,1,0,0,0,0,0
17,7,1815,1,0,0,0,0,9,1,1,0,0,0,0,0
17,5,1819,1,0,0,0,0,9,1,1,0,0,0,0,0
17,8,1805,1,1,1,0,0,9,1,1,0,0,0,0,0
17,7,1809,1,0,0,0,0,9,1,1,0,0,0,0,0
17,7,1814,1,0,0,0,0,9,1,1,0,0,0,0,0
17,7,1813,1,0,0,0,0,9,1,1,0,0,0,0,0
17,7,1807,1,0,0,0,0,9,1,1,0,0,0,0,0
18,3,1799,0,0,0,0,0,1,0,1,0,0,0,0,0
19,5,1819,1,0,0,0,0,2,1,1,0,0,0,0,0
19,4,1820,1,1,1,0,0,2,1,1,0,0,1,0,0
20,8,1792,0,1,0,0,0,33,1,2,0,0,0,0,0
20,7,1806,1,0,0,0,0,33,1,1,0,0,0,0,0
20,8,1795,0,1,0,0,0,33,1,2,0,0,0,0,1
20,8,1804,1,1,1,0,0,33,1,3,2,2,0,0,0
20,8,1794,0,1,0,0,0,33,1,1,0,0,0,0,0
20,8,1797,0,1,0,0,0,33,1,2,0,0,0,0,0
20,4,1796,0,1,0,0,0,33,1,1,0,0,0,0,0
20,6,1815,1,0,0,0,0,33,1,1,0,0,0,0,0
20,6,1798,0,0,0,0,0,33,1,1,0,0,0,0,0
20,8,1819,1,1,1,0,0,33,1,1,0,0,0,0,0
20,8,1796,0,1,0,0,0,33,1,1,0,0,0,0,0
20,8,1788,0,1,0,0,0,33,1,1,1,1,0,0,0
20,8,1793,0,1,0,0,0,33,1,6,0,0,0,0,0
20,8,1791,0,1,0,0,0,33,1,3,0,0,0,0,0
20,6,1816,1,0,0,0,0,33,1,1,0,0,0,0,0
20,8,1816,1,1,1,0,0,33,1,1,1,1,1,0,0
20,8,1790,0,1,0,0,0,33,1,3,0,0,0,0,0
21,4,1804,1,1,1,1,0,24,1,7,0,0,0,1,0
21,5,1809,1,0,0,0,0,24,0,1,0,0,0,1,0
21,4,1803,1,1,1,1,0,24,1,4,0,0,0,1,0
21,6,1805,1,0,0,0,0,24,1,1,0,0,0,1,0
21,7,1794,0,0,0,0,0,24,1,1,0,0,0,1,0
21,4,1802,1,1,1,1,0,24,1,7,3,3,0,1,0
21,6,1808,1,0,0,0,0,24,1,1,0,0,0,1,0
21,5,1798,0,0,0,0,0,24,0,1,0,0,0,1,0
21,4,1799,0,1,0,0,0,24,1,1,0,0,0,1,0
21,4,1805,1,1,1,1,0,24,1,7,6,3,6,1,0
22,4,1793,0,1,0,0,0,1,1,1,0,0,0,1,0
23,3,1810,1,0,0,0,0,3,1,1,0,0,0,0,0
23,5,1808,1,0,0,0,0,3,1,1,0,0,0,0,0
23,2,1809,1,0,0,0,0,3,1,1,0,0,0,0,0
24,7,1819,1,0,0,0,0,1,1,1,0,0,0,0,0
25,1,1820,1,0,0,0,0,1,0,1,0,0,0,0,0
26,8,1804,1,1,1,0,0,36,1,2,0,0,0,0,0
26,5,1816,1,0,0,0,0,36,1,1,0,0,0,0,0
26,4,1817,1,1,1,0,0,36,1,1,0,0,0,0,0
26,7,1813,1,0,0,0,0,36,1,2,0,0,0,0,0
26,8,1809,1,1,1,0,0,36,1,3,0,0,0,0,0
26,7,1807,1,0,0,0,0,36,1,1,0,0,0,0,0
26,8,1796,0,1,0,0,0,36,1,1,0,0,0,0,0
26,7,1820,1,0,0,0,0,36,1,1,0,0,0,0,0
26,8,1805,1,1,1,0,0,36,1,3,0,0,0,0,0
26,5,1802,1,0,0,0,0,36,1,2,0,0,0,0,0
26,5,1809,1,0,0,0,0,36,1,1,0,0,0,0,0
26,5,1800,0,0,0,0,0,36,0,1,0,0,0,0,0
26,5,1811,1,0,0,0,0,36,1,1,0,0,0,0,0
26,5,1812,1,0,0,0,0,36,1,1,0,0,0,0,0
26,6,1813,1,0,0,0,0,36,1,3,0,0,0,0,0
26,7,1808,1,0,0,0,0,36,1,1,0,0,0,0,0
26,6,1818,1,0,0,0,0,36,1,1,0,0,0,0,0
26,8,1808,1,1,1,0,0,36,1,1,1,1,0,0,0
26,8,1811,1,1,1,0,0,36,1,1,0,0,0,0,0
26,8,1812,1,1,1,0,0,36,1,1,0,0,0,0,0
26,8,1819,1,1,1,0,0,36,1,1,1,1,1,0,0
26,5,1819,1,0,0,0,0,36,1,1,0,0,0,0,0
26,3,1808,1,0,0,0,0,36,0,1,0,0,0,0,0
26,5,1803,1,0,0,0,0,36,1,1,0,0,0,0,0
26,8,1810,1,1,1,0,0,36,1,2,2,0,2,0,0
26,8,1816,1,1,1,0,0,36,1,1,0,0,0,0,0
27,8,1804,1,1,1,0,0,12,1,1,0,0,0,0,0
27,7,1799,0,0,0,0,0,12,1,1,0,0,0,0,0
27,3,1793,0,0,0,0,0,12,0,1,1,1,0,0,0
27,4,1794,0,1,0,0,0,12,1,1,0,0,0,0,0
27,4,1806,1,1,1,0,0,12,1,2,2,0,2,0,0
27,7,1800,0,0,0,0,0,12,1,1,0,0,0,0,0
27,6,1797,0,0,0,0,0,12,1,1,0,0,0,0,0
27,8,1800,0,1,0,0,0,12,1,1,0,0,0,0,0
27,7,1794,0,0,0,0,0,12,1,1,0,0,0,0,0
27,5,1804,1,0,0,0,0,12,1,1,0,0,0,0,0
27,6,1796,0,0,0,0,0,12,1,1,0,0,0,0,0
28,5,1802,1,0,0,0,0,8,0,1,0,0,0,0,0
28,5,1806,1,0,0,0,0,8,0,1,0,0,0,0,0
28,5,1810,1,0,0,0,0,8,0,1,0,0,0,0,0
28,3,1805,1,0,0,0,0,8,1,1,0,0,0,0,0
28,7,1807,1,0,0,0,0,8,1,2,0,0,0,0,0
28,8,1801,1,1,1,0,0,8,1,1,0,0,0,0,0
28,7,1812,1,0,0,0,0,8,1,1,0,0,0,0,0
29,7,1785,0,0,0,0,0,7,1,1,0,0,0,0,0
29,7,1814,1,0,0,0,0,7,1,1,0,0,0,0,0
29,7,1815,1,0,0,0,0,7,1,1,0,0,0,0,0
29,7,1783,0,0,0,0,0,7,1,1,0,0,0,0,0
29,7,1799,0,0,0,0,0,7,1,1,0,0,0,0,0
29,7,1787,0,0,0,0,0,7,1,1,0,0,0,0,0
29,7,1789,0,0,0,0,0,7,1,1,0,0,0,0,0
31,6,1806,1,0,0,0,0,4,1,1,0,0,0,0,0
31,6,1809,1,0,0,0,0,4,1,1,0,0,0,0,0
31,8,1807,1,1,1,0,0,4,1,1,0,0,0,0,0
31,5,1803,1,0,0,0,0,4,1,1,0,0,0,0,0
32,4,1800,0,1,0,0,0,1,1,1,0,0,0,0,0
33,7,1813,1,0,0,0,0,3,1,1,0,0,0,0,0
33,7,1812,1,0,0,0,0,3,1,1,0,0,0,0,0
33,5,1810,1,0,0,0,0,3,1,1,0,0,0,0,0
34,8,1806,1,1,1,0,0,4,1,1,0,0,0,0,0
34,8,1804,1,1,1,0,0,4,1,1,0,0,0,0,0
34,5,1809,1,0,0,0,0,4,0,1,0,0,0,0,0
34,2,1807,1,0,0,0,0,4,0,1,0,0,0,0,0
35,7,1819,1,0,0,0,0,5,1,2,0,0,0,0,0
35,5,1820,1,0,0,0,0,5,1,2,0,0,0,0,0
35,7,1820,1,0,0,0,0,5,1,1,0,0,0,0,0
36,8,1810,1,1,1,0,0,7,1,3,3,0,3,0,0
36,8,1807,1,1,1,0,0,7,1,1,0,0,0,0,0
36,8,1820,1,1,1,0,0,7,1,1,0,0,0,0,0
36,8,1817,1,1,1,0,0,7,1,1,0,0,0,0,0
36,8,1786,0,1,0,0,0,7,1,1,0,0,0,0,0
37,7,1811,1,0,0,0,0,1,1,1,0,0,0,0,0
38,4,1818,1,1,1,0,0,3,1,1,0,0,0,0,0
38,7,1818,1,0,0,0,0,3,1,1,0,0,0,0,0
38,5,1810,1,0,0,0,0,3,1,1,0,0,0,0,0
39,6,1794,0,0,0,0,0,25,1,1,0,0,0,1,0
39,4,1798,0,1,0,0,0,25,1,1,0,0,0,1,0
39,2,1793,0,0,0,0,0,25,1,1,0,0,0,1,0
39,4,1787,0,1,0,0,0,25,1,1,0,0,0,1,0
39,4,1801,1,1,1,1,0,25,1,6,3,3,0,1,0
39,1,1814,1,0,0,0,0,25,1,1,0,0,0,1,0
39,5,1807,1,0,0,0,0,25,0,1,0,0,0,1,0
39,2,1795,0,0,0,0,0,25,1,1,0,0,0,1,0
39,2,1814,1,0,0,0,0,25,1,1,0,0,0,1,0
39,5,1808,1,0,0,0,0,25,1,1,0,0,0,1,0
39,7,1805,1,0,0,0,0,25,1,4,0,0,0,1,0
39,3,1797,0,0,0,0,0,25,1,1,0,0,0,1,0
39,4,1820,1,1,1,1,0,25,1,1,0,0,0,1,0
39,6,1797,0,0,0,0,0,25,1,1,0,0,0,1,0
39,5,1804,1,0,0,0,0,25,1,1,0,0,0,1,0
39,8,1796,0,1,0,0,0,25,1,1,0,0,1,1,0
39,6,1810,1,0,0,0,0,25,1,1,0,0,0,1,0
39,2,1812,1,0,0,0,0,25,0,1,0,0,0,1,0
39,6,1799,0,0,0,0,0,25,1,1,0,0,0,1,0
39,6,1798,0,0,0,0,0,25,1,1,0,0,0,1,0
40,7,1820,1,0,0,0,0,1,1,1,0,0,0,0,0
41,3,1802,1,0,0,0,0,5,0,1,0,0,0,0,0
41,8,1801,1,1,1,0,0,5,0,1,0,0,0,0,0
41,8,1802,1,1,1,0,0,5,0,1,0,0,0,0,0
41,7,1802,1,0,0,0,0,5,0,2,0,0,0,0,0
42,8,1803,1,1,1,0,0,13,0,1,0,0,0,0,0
42,5,1818,1,0,0,0,0,13,0,1,0,0,1,0,0
42,8,1807,1,1,1,0,0,13,0,1,0,0,0,0,0
42,6,1806,1,0,0,0,0,13,0,1,0,0,0,0,0
42,3,1801,1,0,0,0,0,13,0,1,0,0,0,0,0
42,5,1802,1,0,0,0,0,13,0,1,0,0,0,0,0
42,4,1797,0,1,0,0,0,13,0,1,0,0,0,0,0
42,3,1802,1,0,0,0,0,13,0,1,0,0,0,0,0
42,6,1808,1,0,0,0,0,13,0,2,0,0,0,0,0
42,5,1804,1,0,0,0,0,13,0,1,0,0,0,0,0
42,6,1805,1,0,0,0,0,13,0,1,0,0,0,0,0
42,2,1801,1,0,0,0,0,13,0,1,0,0,0,0,0
43,8,1818,1,1,1,1,0,13,0,1,0,0,0,1,0
43,4,1817,1,1,1,1,0,13,0,1,0,0,0,1,0
43,5,1820,1,0,0,0,0,13,0,1,0,0,0,1,0
43,4,1816,1,1,1,1,0,13,0,3,0,0,0,1,0
43,4,1820,1,1,1,1,0,13,0,1,0,0,0,1,0
43,4,1818,1,1,1,1,0,13,0,3,3,3,0,1,0
43,3,1814,1,0,0,0,0,13,0,1,0,0,0,1,0
43,4,1795,0,1,0,0,0,13,0,1,0,0,0,1,0
43,6,1820,1,0,0,0,0,13,0,3,0,0,0,1,0
43,4,1819,1,1,1,1,0,13,0,1,0,0,0,1,0
44,5,1805,1,0,0,0,0,5,0,1,1,1,0,0,0
44,8,1795,0,1,0,0,0,5,0,1,0,0,0,0,0
44,2,1797,0,0,0,0,0,5,0,1,1,0,0,0,0
44,2,1792,0,0,0,0,0,5,0,1,1,1,0,0,0
44,2,1798,0,0,0,0,0,5,0,1,1,0,0,0,0
45,3,1808,1,0,0,0,0,2,0,1,0,0,0,0,0
45,3,1804,1,0,0,0,0,2,0,1,0,0,0,0,0
46,7,1798,0,0,0,0,0,5,0,1,0,0,0,0,0
46,7,1793,0,0,0,0,0,5,0,1,0,0,1,0,0
46,7,1808,1,0,0,0,0,5,0,1,0,0,0,0,0
46,7,1799,0,0,0,0,0,5,0,1,0,0,0,0,0
46,8,1796,0,1,0,0,0,5,0,1,0,0,0,0,0
47,7,1800,0,0,0,0,0,4,0,1,0,0,0,0,0
47,5,1802,1,0,0,0,0,4,0,1,0,0,0,0,0
47,5,1804,1,0,0,0,0,4,0,1,0,0,0,0,0
47,5,1803,1,0,0,0,0,4,0,1,0,0,0,0,0
48,5,1800,0,0,0,0,0,9,0,1,0,0,0,1,0
48,7,1815,1,0,0,0,0,9,0,1,0,0,0,1,0
48,3,1806,1,0,0,0,0,9,0,1,0,0,0,1,0
48,7,1792,0,0,0,0,0,9,0,1,1,1,0,1,0
48,5,1801,1,0,0,0,0,9,0,1,0,0,0,1,0
48,7,1810,1,0,0,0,0,9,0,1,0,0,0,1,0
48,6,1797,0,0,0,0,0,9,0,1,0,0,0,1,0
48,7,1791,0,0,0,0,0,9,0,1,0,0,0,1,0
48,7,1794,0,0,0,0,0,9,0,1,0,0,0,1,0
49,7,1811,1,0,0,0,0,18,0,1,0,0,0,1,0
49,8,1807,1,1,1,1,0,18,0,1,0,0,0,1,0
49,3,1801,1,0,0,0,0,18,0,1,0,0,0,1,0
49,6,1811,1,0,0,0,0,18,0,1,0,0,0,1,0
49,8,1803,1,1,1,1,0,18,0,6,0,0,0,1,0
49,8,1809,1,1,1,1,0,18,0,1,0,0,0,1,0
49,8,1808,1,1,1,1,0,18,0,1,0,0,0,1,0
49,3,1804,1,0,0,0,0,18,0,1,0,0,0,1,0
49,8,1787,0,1,0,0,0,18,0,1,0,0,0,1,0
49,7,1810,1,0,0,0,0,18,0,1,0,0,0,1,0
49,3,1807,1,0,0,0,0,18,0,1,0,0,0,1,0
49,8,1805,1,1,1,1,0,18,0,3,0,0,0,1,0
49,5,1808,1,0,0,0,0,18,0,1,0,0,0,1,0
49,6,1804,1,0,0,0,0,18,0,1,0,0,0,1,0
50,4,1818,1,1,1,0,0,1,0,1,0,0,0,0,0
51,5,1810,1,0,0,0,0,2,0,1,0,0,0,0,0
51,3,1816,1,0,0,0,0,2,0,1,0,0,0,0,0
52,8,1805,1,1,1,1,0,15,0,1,0,0,0,1,0
52,5,1801,1,0,0,0,0,15,0,1,0,0,0,1,0
52,4,1791,0,1,0,0,0,15,0,1,0,0,0,1,0
52,8,1803,1,1,1,1,0,15,0,4,3,3,0,1,0
52,3,1800,0,0,0,0,0,15,0,1,0,0,0,1,0
52,3,1808,1,0,0,0,0,15,0,1,0,0,0,1,0
52,8,1804,1,1,1,1,0,15,0,1,0,0,0,1,0
52,2,1800,0,0,0,0,0,15,0,3,0,0,0,1,0
52,2,1802,1,0,0,0,0,15,0,1,0,0,0,1,0
52,8,1802,1,1,1,1,0,15,0,3,0,0,0,1,0
52,5,1802,1,0,0,0,0,15,0,1,0,0,0,1,0
53,6,1809,1,0,0,0,0,17,0,1,0,0,0,1,0
53,6,1815,1,0,0,0,0,17,0,1,0,0,0,1,0
53,7,1815,1,0,0,0,0,17,0,1,0,0,0,1,0
53,7,1814,1,0,0,0,0,17,0,3,0,0,0,1,0
53,7,1817,1,0,0,0,0,17,0,1,0,0,0,1,0
53,7,1811,1,0,0,0,0,17,0,1,0,0,0,1,0
53,7,1812,1,0,0,0,0,17,0,1,0,0,0,1,0
53,6,1808,1,0,0,0,0,17,0,1,1,1,0,1,0
53,6,1807,1,0,0,0,0,17,0,1,0,0,0,1,0
53,5,1813,1,0,0,0,0,17,0,1,0,0,0,1,0
53,7,1816,1,0,0,0,0,17,0,3,0,0,0,1,0
53,5,1818,1,0,0,0,0,17,0,1,0,0,0,1,0
53,3,1810,1,0,0,0,0,17,0,1,0,0,0,1,0
53,5,1820,1,0,0,0,0,17,0,3,0,0,0,1,0
54,5,1816,1,0,0,0,0,1,0,1,0,0,0,0,0
55,5,1807,1,0,0,0,0,1,0,1,1,1,0,1,0
56,4,1819,1,1,1,1,0,29,0,1,1,1,0,1,0
56,8,1819,1,1,1,1,0,29,0,1,0,0,0,1,0
56,7,1815,1,0,0,0,0,29,0,1,1,1,1,1,0
56,7,1819,1,0,0,0,0,29,0,3,0,0,0,1,0
56,7,1820,1,0,0,0,0,29,0,1,1,1,0,1,0
56,8,1812,1,1,1,1,0,29,0,4,4,4,4,1,0
56,5,1816,1,0,0,0,0,29,0,3,0,0,0,1,0
56,7,1816,1,0,0,0,0,29,0,4,0,0,0,1,0
56,5,1812,1,0,0,0,0,29,0,3,0,0,0,1,0
56,7,1818,1,0,0,0,0,29,0,3,0,0,0,1,0
56,5,1815,1,0,0,0,0,29,0,1,0,0,0,1,0
56,5,1817,1,0,0,0,0,29,0,1,1,1,0,1,0
56,8,1813,1,1,1,1,0,29,0,6,6,6,6,1,0
56,8,1789,0,1,0,0,0,29,0,1,0,0,0,1,0
56,5,1818,1,0,0,0,0,29,0,1,0,0,0,1,0
56,4,1817,1,1,1,1,0,29,0,1,1,0,1,1,0
56,7,1817,1,0,0,0,0,29,0,1,1,1,0,1,0
56,8,1810,1,1,1,1,0,29,0,1,1,1,0,1,0
57,4,1816,1,1,1,1,0,1,0,1,0,0,0,1,0
59,3,1815,1,0,0,0,0,1,0,1,0,0,0,0,0
60,6,1816,1,0,0,0,0,6,0,1,0,0,0,1,0
60,8,1816,1,1,1,1,0,6,0,1,0,0,0,1,0
60,7,1814,1,0,0,0,0,6,0,1,0,0,0,1,0
60,3,1809,1,0,0,0,0,6,0,1,0,0,0,1,0
60,7,1815,1,0,0,0,0,6,0,1,0,0,0,1,0
60,3,1814,1,0,0,0,0,6,0,1,0,0,0,1,0
61,4,1817,1,1,1,0,0,2,0,1,0,0,0,0,0
61,4,1818,1,1,1,0,0,2,0,1,0,0,0,0,0
62,4,1819,1,1,1,0,0,1,0,1,0,0,1,0,0
63,4,1819,1,1,1,1,0,1,0,1,0,0,0,1,0
64,8,1814,1,1,1,0,0,4,0,1,0,0,0,0,0
64,5,1816,1,0,0,0,0,4,0,1,0,0,0,0,0
64,5,1820,1,0,0,0,0,4,0,2,0,0,0,0,0
65,7,1815,1,0,0,0,0,3,0,1,0,0,0,0,0
65,7,1818,1,0,0,0,0,3,0,1,0,0,0,0,0
65,7,1812,1,0,0,0,0,3,0,1,0,0,0,0,0
66,6,1810,1,0,0,0,0,1,0,1,0,0,0,0,0
67,7,1814,1,0,0,0,0,2,0,1,0,0,0,1,0
67,8,1818,1,1,1,1,0,2,0,1,0,0,0,1,0
68,7,1799,0,0,0,0,0,1,0,1,0,0,0,0,0
69,1,1781,0,0,0,0,0,1,0,1,0,0,0,0,0
70,1,1782,0,0,0,0,0,1,0,1,0,0,0,0,0
71,1,1783,0,0,0,0,0,1,0,1,0,0,0,0,0
72,1,1784,0,0,0,0,0,1,0,1,0,0,0,0,1
73,1,1785,0,0,0,0,0,1,0,1,0,0,0,0,0
74,1,1786,0,0,0,0,0,1,0,1,0,0,0,0,0
75,1,1787,0,0,0,0,0,1,0,1,0,0,0,0,1
76,1,1788,0,0,0,0,0,1,0,1,0,0,0,0,0
77,1,1789,0,0,0,0,0,1,0,1,0,0,0,0,0
78,1,1790,0,0,0,0,0,1,0,1,0,0,0,0,0
79,1,1791,0,0,0,0,0,1,0,1,0,0,0,0,0
80,1,1792,0,0,0,0,0,1,0,1,0,0,0,0,0
81,1,1793,0,0,0,0,0,1,0,1,0,0,0,0,0
82,1,1794,0,0,0,0,0,1,0,1,0,0,0,0,0
83,1,1795,0,0,0,0,0,1,0,1,0,0,0,0,0
84,1,1796,0,0,0,0,0,1,0,1,0,0,0,0,0
85,1,1798,0,0,0,0,0,1,0,1,0,0,0,0,0
86,1,1799,0,0,0,0,0,1,0,1,0,0,0,0,0
87,1,1800,0,0,0,0,0,1,0,1,0,0,0,0,0
88,1,1801,1,0,0,0,0,1,0,1,0,0,0,0,0
89,1,1802,1,0,0,0,0,1,0,1,0,0,0,0,0
90,1,1803,1,0,0,0,0,1,0,1,0,0,0,0,1
91,1,1804,1,0,0,0,0,1,0,1,0,0,0,0,0
92,1,1805,1,0,0,0,0,1,0,1,0,0,0,0,0
93,1,1806,1,0,0,0,0,1,0,1,0,0,0,0,0
94,1,1807,1,0,0,0,0,1,0,1,0,0,0,0,1
95,1,1808,1,0,0,0,0,1,0,1,0,0,0,0,0
96,1,1809,1,0,0,0,0,1,0,1,0,0,0,0,0
97,1,1810,1,0,0,0,0,1,0,1,0,0,0,0,0
98,1,1811,1,0,0,0,0,1,0,1,0,0,0,0,0
99,1,1812,1,0,0,0,0,1,0,1,0,0,0,0,0
100,1,1813,1,0,0,0,0,1,0,1,0,0,0,0,0
101,1,1815,1,0,0,0,0,1,0,1,0,0,0,0,0
102,1,1816,1,0,0,0,0,1,0,1,0,0,0,0,0
103,1,1817,1,0,0,0,0,1,0,1,0,0,0,0,0
104,1,1818,1,0,0,0,0,1,0,1,0,0,0,0,0
105,1,1819,1,0,0,0,0,1,0,1,0,0,0,0,0
106,2,1781,0,0,0,0,0,1,0,1,0,0,0,0,0
107,2,1782,0,0,0,0,0,1,0,1,0,0,0,0,0
108,2,1783,0,0,0,0,0,1,0,1,0,0,0,0,0
109,2,1784,0,0,0,0,0,1,0,1,0,0,0,0,0
110,2,1785,0,0,0,0,0,1,0,1,0,0,0,0,0
111,2,1786,0,0,0,0,0,1,0,1,0,0,0,0,0
112,2,1787,0,0,0,0,0,1,0,1,0,0,0,0,0
113,2,1788,0,0,0,0,0,1,0,1,0,0,0,0,0
114,2,1789,0,0,0,0,0,1,0,1,0,0,0,0,0
115,2,1790,0,0,0,0,0,1,0,1,0,0,0,0,1
116,2,1791,0,0,0,0,0,1,0,1,0,0,0,0,0
117,2,1794,0,0,0,0,0,1,0,1,0,0,0,0,0
118,2,1796,0,0,0,0,0,1,0,1,0,0,0,0,0
119,2,1799,0,0,0,0,0,1,0,1,0,0,0,0,0
120,2,1803,1,0,0,0,0,1,0,1,0,0,0,0,0
121,2,1804,1,0,0,0,0,1,0,1,0,0,0,0,0
122,2,1805,1,0,0,0,0,1,0,1,0,0,0,0,0
123,2,1806,1,0,0,0,0,1,0,1,0,0,0,0,0
124,2,1808,1,0,0,0,0,1,0,1,0,0,0,0,0
125,2,1810,1,0,0,0,0,1,0,1,0,0,0,0,0
126,2,1811,1,0,0,0,0,1,0,1,0,0,0,0,0
127,2,1813,1,0,0,0,0,1,0,1,0,0,0,0,0
128,2,1815,1,0,0,0,0,1,0,1,0,0,0,0,1
129,2,1816,1,0,0,0,0,1,0,1,0,0,0,0,0
130,2,1817,1,0,0,0,0,1,0,1,0,0,0,0,0
131,2,1818,1,0,0,0,0,1,0,1,0,0,0,0,1
132,2,1819,1,0,0,0,0,1,0,1,0,0,0,0,0
133,2,1820,1,0,0,0,0,1,0,1,0,0,0,0,0
134,3,1781,0,0,0,0,0,1,0,1,0,0,0,0,0
135,3,1782,0,0,0,0,0,1,0,1,0,0,0,0,0
136,3,1783,0,0,0,0,0,1,0,1,0,0,0,0,1
137,3,1784,0,0,0,0,0,1,0,1,0,0,0,0,1
138,3,1785,0,0,0,0,0,1,0,1,0,0,0,0,1
139,3,1786,0,0,0,0,0,1,0,1,0,0,0,0,0
140,3,1787,0,0,0,0,0,1,0,1,0,0,0,0,1
141,3,1788,0,0,0,0,0,1,0,1,0,0,0,0,0
142,3,1789,0,0,0,0,0,1,0,1,0,0,0,0,0
143,3,1790,0,0,0,0,0,1,0,1,0,0,0,0,0
144,3,1791,0,0,0,0,0,1,0,1,0,0,0,0,1
145,3,1792,0,0,0,0,0,1,0,1,0,0,0,0,0
146,3,1794,0,0,0,0,0,1,0,1,0,0,0,0,0
147,3,1795,0,0,0,0,0,1,0,1,0,0,0,0,0
148,3,1796,0,0,0,0,0,1,0,1,0,0,0,0,0
149,3,1798,0,0,0,0,0,1,0,1,0,0,0,0,0
150,3,1803,1,0,0,0,0,1,0,1,0,0,0,0,0
151,3,1811,1,0,0,0,0,1,0,1,0,0,0,0,0
152,3,1812,1,0,0,0,0,1,0,1,0,0,0,0,0
153,3,1817,1,0,0,0,0,1,0,1,0,0,0,0,1
154,3,1818,1,0,0,0,0,1,0,1,0,0,0,0,1
155,3,1820,1,0,0,0,0,1,0,1,0,0,0,0,1
156,4,1781,0,1,0,0,0,5,0,1,0,0,0,1,0
156,4,1811,1,1,1,1,0,5,0,6,0,0,0,1,0
157,4,1810,1,1,1,1,0,6,0,7,0,0,0,1,0
157,4,1785,0,1,0,0,0,6,0,1,0,0,0,1,0
158,4,1809,1,1,1,1,0,5,0,6,0,0,0,1,0
158,4,1786,0,1,0,0,0,5,0,1,0,0,0,1,0
159,4,1788,0,1,0,0,0,5,0,1,0,0,0,0,0
159,4,1808,1,1,1,0,0,5,0,4,1,1,0,0,0
160,4,1789,0,1,0,0,0,3,0,1,0,0,0,0,0
160,4,1807,1,1,1,0,0,3,0,2,0,0,0,0,0
161,4,1790,0,1,0,0,0,1,0,1,0,0,0,0,0
164,5,1786,0,0,0,0,0,1,0,1,0,0,0,0,0
165,5,1787,0,0,0,0,0,1,0,1,0,0,0,0,0
166,5,1788,0,0,0,0,0,1,0,1,0,0,0,0,0
167,5,1789,0,0,0,0,0,1,0,1,0,0,0,0,0
168,5,1790,0,0,0,0,0,1,0,1,0,0,0,0,0
169,5,1791,0,0,0,0,0,1,0,1,0,0,0,0,0
170,5,1792,0,0,0,0,0,1,0,1,0,0,0,0,0
171,5,1793,0,0,0,0,0,1,0,1,0,0,0,1,0
172,5,1794,0,0,0,0,0,1,0,1,0,0,0,0,0
173,5,1796,0,0,0,0,0,1,0,1,0,0,0,0,0
174,5,1799,0,0,0,0,0,1,0,1,0,0,0,0,0
175,5,1814,1,0,0,0,0,1,0,1,0,0,0,0,0
176,6,1782,0,0,0,0,0,1,0,1,0,0,0,1,0
177,6,1785,0,0,0,0,0,1,0,1,0,0,0,1,0
178,6,1786,0,0,0,0,0,1,0,1,0,0,0,1,0
179,6,1788,0,0,0,0,0,1,0,1,0,0,0,1,0
180,6,1789,0,0,0,0,0,1,0,1,0,0,0,1,0
181,6,1790,0,0,0,0,0,1,0,1,0,0,0,1,0
182,6,1791,0,0,0,0,0,1,0,1,0,0,0,1,0
183,6,1792,0,0,0,0,0,1,0,1,0,0,0,1,0
184,6,1793,0,0,0,0,0,1,0,1,0,0,0,1,0
185,6,1795,0,0,0,0,0,1,0,1,0,0,0,1,1
186,6,1800,0,0,0,0,0,1,0,1,0,0,0,1,0
187,6,1801,1,0,0,0,0,1,0,1,0,0,0,1,0
188,6,1802,1,0,0,0,0,1,0,1,0,0,0,1,0
189,6,1803,1,0,0,0,0,1,0,1,0,0,0,1,0
190,6,1814,1,0,0,0,0,1,0,1,0,0,0,0,0
191,7,1796,0,0,0,0,0,2,0,1,0,0,0,0,0
191,8,1785,0,1,0,0,0,2,0,1,0,0,0,0,0
195,8,1798,0,1,0,0,0,1,0,1,0,0,0,0,0
200,4,1816,1,1,1,0,0,1,0,1,0,0,0,0,0
201,4,1816,1,1,1,0,0,1,0,1,0,0,0,0,0
202,4,1816,1,1,1,0,0,1,0,1,0,0,0,0,0
203,4,1816,1,1,1,1,1,1,0,1,0,0,0,1,1
210,4,1806,1,1,1,0,0,2,0,2,2,1,2,0,0
