"state","year","opening_night","operas","operas_original","ope_new_lib","libretto","librettist","copyright","post1801","copyright_post1801","state1","cluster","pretrend_modena","pretrend_parma","pretrend_tuscany","pretrend_lombardy","pretrend_papal_state","pretrend_sardinia","pretrend_two_sicily","pretrend_venetia","linear_pretrend","oratorio","total","share","symphonies","songs","symphonies_new_grove","songs_new_grove"
"d_modena",1781,0,0,1,0,0,0,0,0,0,1,1,1,0,0,0,0,0,0,0,0,0,0,NA,0,10,2,12
"d_modena",1782,0.5,1,1,0,1,1,0,0,0,1,1,2,0,0,0,0,0,0,0,0,0,1,0,0,8,2,11
"d_modena",1783,0.5,1,1,0,1,1,0,0,0,1,1,3,0,0,0,0,0,0,0,0,0,1,0,1,8,3,12
"d_modena",1784,0,1,1,0,1,1,0,0,0,1,1,4,0,0,0,0,0,0,0,0,0,1,0,0,4,3,8
"d_modena",1785,0.5,1,1,0,0,0,0,0,0,1,1,5,0,0,0,0,0,0,0,0,0,1,0,0,4,1,6
"d_modena",1786,0,1,1,0,1,1,0,0,0,1,1,6,0,0,0,0,0,0,0,0,0,1,0,0,6,1,8
"d_modena",1787,0.5,0,1,0,0,0,0,0,0,1,1,7,0,0,0,0,0,0,0,0,0,0,NA,2,5,3,8
"d_modena",1788,0,0,1,0,0,0,0,0,0,1,1,8,0,0,0,0,0,0,0,0,0,0,NA,0,6,2,8
"d_modena",1789,0.5,0,1,0,0,0,0,0,0,1,1,9,0,0,0,0,0,0,0,0,0,0,NA,0,2,1,4
"d_modena",1790,0,0,1,0,0,0,0,0,0,1,1,10,0,0,0,0,0,0,0,0,0,0,NA,1,3,3,7
"d_modena",1791,0.5,0,1,0,0,0,0,0,0,1,1,11,0,0,0,0,0,0,0,0,0,0,NA,1,8,3,12
"d_modena",1792,0,0,1,0,0,0,0,0,0,1,1,12,0,0,0,0,0,0,0,0,0,0,NA,2,10,3,14
"d_modena",1793,0.5,0,1,0,0,0,0,0,0,1,1,13,0,0,0,0,0,0,0,0,0,0,NA,0,4,1,8
"d_modena",1794,0.5,1,1,0,1,1,0,0,0,1,1,14,0,0,0,0,0,0,0,0,0,1,0,1,9,3,13
"d_modena",1795,0.5,0,1,0,0,0,0,0,0,1,1,15,0,0,0,0,0,0,0,0,0,0,NA,0,2,1,6
"d_modena",1796,0.5,0,1,0,0,0,0,0,0,1,1,16,0,0,0,0,0,0,0,0,0,0,NA,2,10,4,13
"d_modena",1797,0,0,1,0,0,0,0,0,0,1,1,17,0,0,0,0,0,0,0,0,0,0,NA,0,8,2,10
"d_modena",1798,0.5,1,1,0,1,1,0,0,0,1,1,18,0,0,0,0,0,0,0,0,0,1,0,0,9,2,11
"d_modena",1799,0.5,0,1,0,0,0,0,0,0,1,1,19,0,0,0,0,0,0,0,0,0,0,NA,1,3,4,6
"d_modena",1800,0.5,0,1,0,0,0,0,0,0,1,1,20,0,0,0,0,0,0,0,0,0,0,NA,0,8,2,12
"d_modena",1801,0,0,1,0,0,0,0,1,0,1,2,0,0,0,0,0,0,0,0,0,0,0,NA,0,9,2,12
"d_modena",1802,0,1,1,0,1,1,0,1,0,1,2,0,0,0,0,0,0,0,0,0,0,1,0,1,6,3,8
"d_modena",1803,0,0,1,0,0,0,0,1,0,1,2,0,0,0,0,0,0,0,0,0,0,0,NA,0,6,2,8
"d_modena",1804,0.5,0,1,0,0,0,0,1,0,1,2,0,0,0,0,0,0,0,0,0,0,0,NA,1,6,4,9
"d_modena",1805,0,0,1,0,0,0,0,1,0,1,2,0,0,0,0,0,0,0,0,0,0,0,NA,2,10,4,14
"d_modena",1806,0.5,0,1,0,0,0,0,1,0,1,2,0,0,0,0,0,0,0,0,0,0,0,NA,0,9,2,12
"d_modena",1807,0,0,1,0,0,0,0,1,0,1,2,0,0,0,0,0,0,0,0,0,0,0,NA,0,5,2,7
"d_modena",1808,0.5,0,1,0,0,0,0,1,0,1,2,0,0,0,0,0,0,0,0,0,0,0,NA,1,4,3,7
"d_modena",1809,0,0,1,0,0,0,0,1,0,1,2,0,0,0,0,0,0,0,0,0,0,0,NA,2,6,3,9
"d_modena",1810,0.5,1,1,1,0,0,0,1,0,1,2,0,0,0,0,0,0,0,0,0,0,1,1,1,7,3,10
"d_modena",1811,0,0,1,0,0,0,0,1,0,1,2,0,0,0,0,0,0,0,0,0,0,0,NA,0,4,2,7
"d_modena",1812,0.5,0,1,0,0,0,0,1,0,1,2,0,0,0,0,0,0,0,0,0,0,0,NA,2,8,5,12
"d_modena",1813,0,0,1,0,0,0,0,1,0,1,2,0,0,0,0,0,0,0,0,0,0,0,NA,0,10,2,13
"d_modena",1814,0,0,1,0,0,0,0,1,0,1,2,0,0,0,0,0,0,0,0,0,0,0,NA,1,10,4,13
"d_modena",1815,0,0,1,0,0,0,0,1,0,1,2,0,0,0,0,0,0,0,0,0,0,0,NA,2,9,3,13
"d_modena",1816,0,0,1,0,0,0,0,1,0,1,2,0,0,0,0,0,0,0,0,0,0,0,NA,4,14,6,17
"d_modena",1817,0,0,1,0,0,0,0,1,0,1,2,0,0,0,0,0,0,0,0,0,0,0,NA,2,12,4,15
"d_modena",1818,0.5,1,1,0,1,1,0,1,0,1,2,0,0,0,0,0,0,0,0,0,0,1,0,1,7,3,10
"d_modena",1819,0,0,1,0,0,0,0,1,0,1,2,0,0,0,0,0,0,0,0,0,0,0,NA,1,9,3,11
"d_modena",1820,0,1,1,0,1,1,0,1,0,1,2,0,0,0,0,0,0,0,0,0,0,1,0,1,4,3,6
"d_parma",1781,0,0,1,0,0,0,0,0,0,2,3,0,1,0,0,0,0,0,0,0,0,0,NA,1,9,3,12
"d_parma",1782,0.5,0,1,0,0,0,0,0,0,2,3,0,2,0,0,0,0,0,0,0,0,0,NA,0,4,3,7
"d_parma",1783,0,0,1,0,0,0,0,0,0,2,3,0,3,0,0,0,0,0,0,0,0,0,NA,2,7,4,10
"d_parma",1784,0.5,1,1,0,0,0,0,0,0,2,3,0,4,0,0,0,0,0,0,0,0,1,0,0,6,2,8
"d_parma",1785,0,0,1,0,0,0,0,0,0,2,3,0,5,0,0,0,0,0,0,0,0,0,NA,1,3,3,6
"d_parma",1786,0,0,1,0,0,0,0,0,0,2,3,0,6,0,0,0,0,0,0,0,0,0,NA,0,5,3,8
"d_parma",1787,0.5,0,1,0,0,0,0,0,0,2,3,0,7,0,0,0,0,0,0,0,0,0,NA,2,7,4,10
"d_parma",1788,0,0,1,0,0,0,0,0,0,2,3,0,8,0,0,0,0,0,0,0,0,0,NA,1,8,3,12
"d_parma",1789,0.5,0,1,0,0,0,0,0,0,2,3,0,9,0,0,0,0,0,0,0,0,0,NA,0,1,2,4
"d_parma",1790,0,0,1,0,0,0,0,0,0,2,3,0,10,0,0,0,0,0,0,0,0,0,NA,1,8,4,11
"d_parma",1791,0.5,0,1,0,0,0,0,0,0,2,3,0,11,0,0,0,0,0,0,0,0,0,NA,1,12,4,14
"d_parma",1792,0,0,1,0,0,0,0,0,0,2,3,0,12,0,0,0,0,0,0,0,0,0,NA,2,6,4,10
"d_parma",1793,0,1,1,1,1,1,0,0,0,2,3,0,13,0,0,0,0,0,0,0,0,1,1,0,4,2,8
"d_parma",1794,0,0,1,0,0,0,0,0,0,2,3,0,14,0,0,0,0,0,0,0,0,0,NA,0,4,1,7
"d_parma",1795,0.5,0,1,0,0,0,0,0,0,2,3,0,15,0,0,0,0,0,0,0,0,0,NA,0,7,3,11
"d_parma",1796,0.5,2,1,0,1,1,0,0,0,2,3,0,16,0,0,0,0,0,0,0,0,2,0,2,14,4,17
"d_parma",1797,0,0,1,0,0,0,0,0,0,2,3,0,17,0,0,0,0,0,0,0,0,0,NA,0,0,2,2
"d_parma",1798,0,0,1,0,0,0,0,0,0,2,3,0,18,0,0,0,0,0,0,0,0,0,NA,0,4,2,7
"d_parma",1799,0,0,1,0,0,0,0,0,0,2,3,0,19,0,0,0,0,0,0,0,0,0,NA,1,10,2,13
"d_parma",1800,0.5,0,2,0,0,0,0,0,0,2,3,0,20,0,0,0,0,0,0,0,0,0,NA,0,5,3,7
"d_parma",1801,0,0,1,0,0,0,0,1,0,2,4,0,0,0,0,0,0,0,0,0,0,0,NA,1,5,4,8
"d_parma",1802,0,0,1,0,0,0,0,1,0,2,4,0,0,0,0,0,0,0,0,0,0,0,NA,0,3,2,5
"d_parma",1803,0.5,0,1,0,0,0,0,1,0,2,4,0,0,0,0,0,0,0,0,0,0,0,NA,2,12,4,14
"d_parma",1804,0,1,1,0,1,1,0,1,0,2,4,0,0,0,0,0,0,0,0,0,0,1,0,1,11,2,14
"d_parma",1805,0,0,1,0,0,0,0,1,0,2,4,0,0,0,0,0,0,0,0,0,0,0,NA,3,15,5,18
"d_parma",1806,0.5,0,1,0,0,0,0,1,0,2,4,0,0,0,0,0,0,0,0,0,0,0,NA,0,4,1,8
"d_parma",1807,0,0,1,0,0,0,0,1,0,2,4,0,0,0,0,0,0,0,0,0,0,0,NA,0,6,2,10
"d_parma",1808,0,0,1,0,0,0,0,1,0,2,4,0,0,0,0,0,0,0,0,0,0,0,NA,0,7,3,9
"d_parma",1809,0,0,1,0,0,0,0,1,0,2,4,0,0,0,0,0,0,0,0,0,0,0,NA,2,6,4,9
"d_parma",1810,0.5,0,1,0,0,0,0,1,0,2,4,0,0,0,0,0,0,0,0,0,0,0,NA,1,12,2,14
"d_parma",1811,0,0,1,0,0,0,0,1,0,2,4,0,0,0,0,0,0,0,0,0,0,0,NA,1,10,3,14
"d_parma",1812,0.5,1,1,0,0,0,0,1,0,2,4,0,0,0,0,0,0,0,0,0,0,1,0,2,12,5,15
"d_parma",1813,0,1,1,0,1,1,0,1,0,2,4,0,0,0,0,0,0,0,0,0,0,1,0,1,6,2,10
"d_parma",1814,0,0,1,0,0,0,0,1,0,2,4,0,0,0,0,0,0,0,0,0,0,0,NA,1,6,2,10
"d_parma",1815,0,1,1,1,1,1,0,1,0,2,4,0,0,0,0,0,0,0,0,0,0,1,1,2,11,4,15
"d_parma",1816,0.5,0,1,0,0,0,0,1,0,2,4,0,0,0,0,0,0,0,0,0,0,0,NA,4,16,5,19
"d_parma",1817,0,0,1,0,0,0,0,1,0,2,4,0,0,0,0,0,0,0,0,0,0,0,NA,2,10,3,13
"d_parma",1818,0,0,1,0,0,0,0,1,0,2,4,0,0,0,0,0,0,0,0,0,0,0,NA,1,8,2,10
"d_parma",1819,0.5,0,1,0,0,0,0,1,0,2,4,0,0,0,0,0,0,0,0,0,0,0,NA,1,4,4,6
"d_parma",1820,0,0,1,0,0,0,0,1,0,2,4,0,0,0,0,0,0,0,0,0,0,0,NA,1,3,3,6
"gd_tuscany",1781,4,9,1,3,8,7,0,0,0,3,5,0,0,1,0,0,0,0,0,0,1,10,0.333333343267441,2,14,5,17
"gd_tuscany",1782,2.5,6,1,2,6,5,0,0,0,3,5,0,0,2,0,0,0,0,0,0,0,6,0.333333343267441,1,10,3,13
"gd_tuscany",1783,5,15,1,3,5,5,0,0,0,3,5,0,0,3,0,0,0,0,0,0,0,15,0.200000002980232,1,6,4,9
"gd_tuscany",1784,4.5,10,1,2,7,5,0,0,0,3,5,0,0,4,0,0,0,0,0,0,0,10,0.200000002980232,2,11,5,14
"gd_tuscany",1785,5,14,1,2,5,4,0,0,0,3,5,0,0,5,0,0,0,0,0,0,0,14,0.142857149243355,2,14,3,18
"gd_tuscany",1786,2.5,6,1,3,6,6,0,0,0,3,5,0,0,6,0,0,0,0,0,0,1,7,0.5,2,11,5,14
"gd_tuscany",1787,3.5,8,1,1,5,5,0,0,0,3,5,0,0,7,0,0,0,0,0,0,0,8,0.125,2,12,3,14
"gd_tuscany",1788,2,5,1,1,3,3,0,0,0,3,5,0,0,8,0,0,0,0,0,0,0,5,0.200000002980232,0,6,1,9
"gd_tuscany",1789,5,11,1,1,9,8,0,0,0,3,5,0,0,9,0,0,0,0,0,0,0,11,0.0909090936183929,0,4,2,8
"gd_tuscany",1790,3.5,8,1,1,7,6,0,0,0,3,5,0,0,10,0,0,0,0,0,0,0,8,0.125,1,2,4,5
"gd_tuscany",1791,5.5,12,1,1,8,7,0,0,0,3,5,0,0,11,0,0,0,0,0,0,0,12,0.0833333358168602,1,8,4,11
"gd_tuscany",1792,5.5,12,1,2,8,7,0,0,0,3,5,0,0,12,0,0,0,0,0,0,1,13,0.16666667163372,2,8,5,11
"gd_tuscany",1793,6.5,14,1,3,4,4,0,0,0,3,5,0,0,13,0,0,0,0,0,0,0,14,0.214285716414452,0,9,2,13
"gd_tuscany",1794,8.5,18,1,3,3,3,0,0,0,3,5,0,0,14,0,0,0,0,0,0,1,19,0.16666667163372,1,8,2,12
"gd_tuscany",1795,9.5,20,1,2,5,2,0,0,0,3,5,0,0,15,0,0,0,0,0,0,1,21,0.100000001490116,1,8,2,12
"gd_tuscany",1796,7,15,1,2,7,6,0,0,0,3,5,0,0,16,0,0,0,0,0,0,0,15,0.133333340287209,2,12,5,15
"gd_tuscany",1797,8.5,18,1,3,3,3,0,0,0,3,5,0,0,17,0,0,0,0,0,0,0,18,0.16666667163372,0,6,3,10
"gd_tuscany",1798,7,15,1,2,2,2,0,0,0,3,5,0,0,18,0,0,0,0,0,0,1,16,0.133333340287209,1,6,4,8
"gd_tuscany",1799,3,7,1,3,4,3,0,0,0,3,5,0,0,19,0,0,0,0,0,0,0,7,0.428571432828903,0,9,2,13
"gd_tuscany",1800,5.5,12,1,2,8,7,0,0,0,3,5,0,0,20,0,0,0,0,0,0,0,12,0.16666667163372,2,12,4,16
"gd_tuscany",1801,0.5,3,2,3,3,2,0,1,0,3,6,0,0,0,0,0,0,0,0,0,0,3,1,2,14,4,18
"gd_tuscany",1802,1,4,2,2,3,2,0,1,0,3,6,0,0,0,0,0,0,0,0,0,0,4,0.5,1,7,2,11
"gd_tuscany",1803,1.5,4,1,3,1,1,0,1,0,3,6,0,0,0,0,0,0,0,0,0,0,4,0.75,0,9,2,12
"gd_tuscany",1804,1,4,2,2,3,2,0,1,0,3,6,0,0,0,0,0,0,0,0,0,0,4,0.5,2,13,4,16
"gd_tuscany",1805,1,3,1,3,0,0,0,1,0,3,6,0,0,0,0,0,0,0,0,0,0,3,1,2,4,5,8
"gd_tuscany",1806,2,5,1,2,4,3,0,1,0,3,6,0,0,0,0,0,0,0,0,0,0,5,0.400000005960464,0,7,2,10
"gd_tuscany",1807,1,3,1,3,2,1,0,1,0,3,6,0,0,0,0,0,0,0,0,0,0,3,1,0,8,2,11
"gd_tuscany",1808,1,5,3,2,2,1,0,1,0,3,6,0,0,0,0,0,0,0,0,0,0,5,0.400000005960464,1,4,3,6
"gd_tuscany",1809,0,1,2,3,1,1,0,1,0,3,6,0,0,0,0,0,0,0,0,0,0,1,3,2,10,5,14
"gd_tuscany",1810,1.5,5,2,2,1,1,0,1,0,3,6,0,0,0,0,0,0,0,0,0,0,5,0.400000005960464,1,9,3,12
"gd_tuscany",1811,0.5,2,1,3,1,1,0,1,0,3,6,0,0,0,0,0,0,0,0,0,0,2,1.5,3,8,5,11
"gd_tuscany",1812,0,1,1,2,1,1,0,1,0,3,6,0,0,0,0,0,0,0,0,0,1,2,2,2,5,4,9
"gd_tuscany",1813,0,1,1,0,1,1,0,1,0,3,6,0,0,0,0,0,0,0,0,0,0,1,0,0,10,3,13
"gd_tuscany",1814,2,6,2,2,5,4,0,1,0,3,6,0,0,0,0,0,0,0,0,0,0,6,0.333333343267441,1,10,3,13
"gd_tuscany",1815,1,3,1,3,2,1,0,1,0,3,6,0,0,0,0,0,0,0,0,0,0,3,1,2,8,5,12
"gd_tuscany",1816,0,1,1,0,0,0,0,1,0,3,6,0,0,0,0,0,0,0,0,0,0,1,0,4,12,7,15
"gd_tuscany",1817,1,3,1,2,2,1,0,1,0,3,6,0,0,0,0,0,0,0,0,0,0,3,0.666666686534882,2,9,4,13
"gd_tuscany",1818,0,1,1,0,1,1,0,1,0,3,6,0,0,0,0,0,0,0,0,0,0,1,0,1,9,3,12
"gd_tuscany",1819,0,1,1,0,1,1,0,1,0,3,6,0,0,0,0,0,0,0,0,0,0,1,0,2,12,5,15
"gd_tuscany",1820,0,0,1,0,0,0,0,1,0,3,6,0,0,0,0,0,0,0,0,0,0,0,NA,2,13,4,16
"lombardy",1781,0.5,4,1,0,3,2,1,0,0,4,7,0,0,0,1,0,0,0,0,1,0,4,0,1,3,4,5
"lombardy",1782,0.5,2,1,0,2,1,1,0,0,4,7,0,0,0,2,0,0,0,0,2,0,2,0,0,1,3,4
"lombardy",1783,0.5,5,1,1,2,2,1,0,0,4,7,0,0,0,3,0,0,0,0,3,0,5,0.200000002980232,1,9,3,12
"lombardy",1784,0.5,5,1,0,1,1,1,0,0,4,7,0,0,0,4,0,0,0,0,4,1,6,0,2,6,4,10
"lombardy",1785,1,3,1,0,3,3,1,0,0,4,7,0,0,0,5,0,0,0,0,5,0,3,0,2,7,4,10
"lombardy",1786,0.5,7,1,0,1,1,1,0,0,4,7,0,0,0,6,0,0,0,0,6,0,7,0,0,7,2,11
"lombardy",1787,0.5,8,1,0,3,2,1,0,0,4,7,0,0,0,7,0,0,0,0,7,1,9,0,1,3,3,5
"lombardy",1788,1,3,1,1,3,2,1,0,0,4,7,0,0,0,8,0,0,0,0,8,0,3,0.333333343267441,0,5,2,8
"lombardy",1789,1.5,4,1,0,3,2,1,0,0,4,7,0,0,0,9,0,0,0,0,9,0,4,0,0,1,2,4
"lombardy",1790,2,5,1,1,3,2,1,0,0,4,7,0,0,0,10,0,0,0,0,10,0,5,0.200000002980232,2,13,5,17
"lombardy",1791,1,3,1,0,2,1,1,0,0,4,7,0,0,0,11,0,0,0,0,11,0,3,0,1,4,3,8
"lombardy",1792,2,5,1,2,4,3,1,0,0,4,7,0,0,0,12,0,0,0,0,12,0,5,0.400000005960464,2,6,5,9
"lombardy",1793,2,6,2,0,2,2,1,0,0,4,7,0,0,0,13,0,0,0,0,13,0,6,0,0,9,1,11
"lombardy",1794,2,5,1,1,2,2,1,0,0,4,7,0,0,0,14,0,0,0,0,14,0,5,0.200000002980232,1,11,3,15
"lombardy",1795,1.5,4,1,0,2,2,1,0,0,4,7,0,0,0,15,0,0,0,0,15,0,4,0,1,8,4,12
"lombardy",1796,1,1,1,1,2,2,1,0,0,4,7,0,0,0,16,0,0,0,0,16,1,2,1,2,7,5,9
"lombardy",1797,1,1,1,0,3,2,1,0,0,4,7,0,0,0,17,0,0,0,0,17,0,1,0,0,3,1,6
"lombardy",1798,3.5,8,1,1,3,2,1,0,0,4,7,0,0,0,18,0,0,0,0,18,0,8,0.125,0,3,2,5
"lombardy",1799,1.5,4,1,1,3,2,1,0,0,4,7,0,0,0,19,0,0,0,0,19,0,4,0.25,1,3,4,6
"lombardy",1800,1,3,1,0,1,1,1,0,0,4,7,0,0,0,20,0,0,0,0,20,0,3,0,0,8,1,12
"lombardy",1801,1.5,7,4,5,4,3,1,1,1,4,8,0,0,0,0,0,0,0,0,0,0,7,0.714285731315613,3,7,4,10
"lombardy",1802,0.5,6,5,4,6,5,1,1,1,4,8,0,0,0,0,0,0,0,0,0,0,6,0.666666686534882,4,12,7,15
"lombardy",1803,2,5,3,3,3,3,1,1,1,4,8,0,0,0,0,0,0,0,0,0,0,5,0.600000023841858,2,5,4,8
"lombardy",1804,2,9,5,7,5,4,1,1,1,4,8,0,0,0,0,0,0,0,0,0,0,9,0.777777791023254,4,11,6,13
"lombardy",1805,2,8,5,6,4,3,1,1,1,4,8,0,0,0,0,0,0,0,0,0,0,8,0.75,5,12,7,14
"lombardy",1806,2.5,7,4,6,4,3,1,1,1,4,8,0,0,0,0,0,0,0,0,0,0,7,0.857142865657806,7,23,8,26
"lombardy",1807,2,6,2,5,5,4,1,1,1,4,8,0,0,0,0,0,0,0,0,0,1,7,0.833333313465118,10,29,13,32
"lombardy",1808,2,8,4,6,6,5,1,1,1,4,8,0,0,0,0,0,0,0,0,0,0,8,0.75,12,33,13,36
"lombardy",1809,2,7,4,5,6,5,1,1,1,4,8,0,0,0,0,0,0,0,0,0,0,7,0.714285731315613,4,15,6,18
"lombardy",1810,4,12,5,10,5,4,1,1,1,4,8,0,0,0,0,0,0,0,0,0,0,12,0.833333313465118,5,14,7,18
"lombardy",1811,5,13,4,9,5,4,1,1,1,4,8,0,0,0,0,0,0,0,0,0,0,13,0.692307710647583,3,6,6,9
"lombardy",1812,2,8,8,6,4,3,1,1,1,4,8,0,0,0,0,0,0,0,0,0,0,8,0.75,6,15,7,19
"lombardy",1813,3,9,6,7,7,6,1,1,1,4,8,0,0,0,0,0,0,0,0,0,0,9,0.777777791023254,7,16,9,18
"lombardy",1814,5,13,8,11,5,4,1,1,1,4,8,0,0,0,0,0,0,0,0,0,0,13,0.846153855323792,2,7,4,10
"lombardy",1815,2,6,9,5,6,5,1,1,1,4,8,0,0,0,0,0,0,0,0,0,0,6,0.833333313465118,4,17,6,19
"lombardy",1816,4.5,11,7,9,6,5,1,1,1,4,8,0,0,0,0,0,0,0,0,0,0,11,0.818181812763214,6,18,8,21
"lombardy",1817,5,11,6,8,5,4,1,1,1,4,8,0,0,0,0,0,0,0,0,0,0,11,0.727272748947144,8,19,9,22
"lombardy",1818,2,5,5,3,5,4,1,1,1,4,8,0,0,0,0,0,0,0,0,0,0,5,0.600000023841858,9,20,11,23
"lombardy",1819,3,8,5,5,7,5,1,1,1,4,8,0,0,0,0,0,0,0,0,0,0,8,0.625,4,15,7,18
"lombardy",1820,2.5,7,4,6,7,5,1,1,1,4,8,0,0,0,0,0,0,0,0,0,0,7,0.857142865657806,5,20,6,24
"papal_state",1781,2.5,15,2,1,8,6,0,0,0,5,9,0,0,0,0,1,0,0,0,0,1,16,0.0666666701436043,0,10,3,13
"papal_state",1782,2,5,1,2,2,1,0,0,0,5,9,0,0,0,0,2,0,0,0,0,1,6,0.400000005960464,0,5,2,8
"papal_state",1783,2.5,6,1,1,5,4,0,0,0,5,9,0,0,0,0,3,0,0,0,0,1,7,0.16666667163372,1,9,3,13
"papal_state",1784,2.5,20,1,2,5,4,0,0,0,5,9,0,0,0,0,4,0,0,0,0,1,21,0.100000001490116,0,1,2,3
"papal_state",1785,2.5,12,1,1,6,5,0,0,0,5,9,0,0,0,0,5,0,0,0,0,1,13,0.0833333358168602,2,8,5,10
"papal_state",1786,9.5,20,1,2,3,2,0,0,0,5,9,0,0,0,0,6,0,0,0,0,1,21,0.100000001490116,0,4,2,7
"papal_state",1787,8,17,1,1,2,2,0,0,0,5,9,0,0,0,0,7,0,0,0,0,1,18,0.0588235296308994,2,8,4,12
"papal_state",1788,7.5,16,1,2,5,4,0,0,0,5,9,0,0,0,0,8,0,0,0,0,1,17,0.125,0,1,1,3
"papal_state",1789,7.5,16,1,1,4,3,0,0,0,5,9,0,0,0,0,9,0,0,0,0,1,17,0.0625,0,4,3,7
"papal_state",1790,3,7,1,2,7,5,0,0,0,5,9,0,0,0,0,10,0,0,0,0,1,8,0.28571429848671,1,3,3,5
"papal_state",1791,5,11,1,3,9,7,0,0,0,5,9,0,0,0,0,11,0,0,0,0,1,12,0.272727280855179,1,10,4,12
"papal_state",1792,5.5,12,1,1,7,6,0,0,0,5,9,0,0,0,0,12,0,0,0,0,1,13,0.0833333358168602,2,10,5,12
"papal_state",1793,0.5,2,1,0,1,1,0,0,0,5,9,0,0,0,0,13,0,0,0,0,1,3,0,3,6,4,10
"papal_state",1794,1.5,4,1,1,5,4,0,0,0,5,9,0,0,0,0,14,0,0,0,0,1,5,0.25,1,10,3,13
"papal_state",1795,0,1,1,0,1,1,0,0,0,5,9,0,0,0,0,15,0,0,0,0,1,2,0,2,7,4,10
"papal_state",1796,4,9,1,3,6,5,0,0,0,5,9,0,0,0,0,16,0,0,0,0,1,10,0.333333343267441,2,13,3,16
"papal_state",1797,4,10,2,1,3,3,0,0,0,5,9,0,0,0,0,17,0,0,0,0,1,11,0.100000001490116,0,2,1,5
"papal_state",1798,4,9,1,2,4,4,0,0,0,5,9,0,0,0,0,18,0,0,0,0,1,10,0.222222223877907,0,5,2,8
"papal_state",1799,4,9,1,2,6,6,0,0,0,5,9,0,0,0,0,19,0,0,0,0,0,9,0.222222223877907,1,11,3,14
"papal_state",1800,1,5,3,2,6,6,0,0,0,5,9,0,0,0,0,20,0,0,0,0,1,6,0.400000005960464,0,5,1,8
"papal_state",1801,2.5,8,3,2,4,4,0,1,0,5,10,0,0,0,0,0,0,0,0,0,0,8,0.25,1,10,3,13
"papal_state",1802,0,7,7,1,6,5,0,1,0,5,10,0,0,0,0,0,0,0,0,0,1,8,0.142857149243355,1,7,4,10
"papal_state",1803,1.5,6,3,2,4,3,0,1,0,5,10,0,0,0,0,0,0,0,0,0,1,7,0.333333343267441,0,7,3,11
"papal_state",1804,2.5,9,4,1,7,6,0,1,0,5,10,0,0,0,0,0,0,0,0,0,1,10,0.111111111938953,1,3,3,7
"papal_state",1805,3.5,9,2,2,9,8,0,1,0,5,10,0,0,0,0,0,0,0,0,0,0,9,0.222222223877907,2,11,4,15
"papal_state",1806,2.5,6,1,1,4,3,0,1,0,5,10,0,0,0,0,0,0,0,0,0,0,6,0.16666667163372,2,10,4,12
"papal_state",1807,3,8,2,2,4,3,0,1,0,5,10,0,0,0,0,0,0,0,0,0,1,9,0.25,0,5,3,8
"papal_state",1808,6.5,17,4,1,12,10,0,1,0,5,10,0,0,0,0,0,0,0,0,0,0,17,0.0588235296308994,2,11,4,14
"papal_state",1809,2.5,9,4,2,5,4,0,1,0,5,10,0,0,0,0,0,0,0,0,0,0,9,0.222222223877907,2,12,5,16
"papal_state",1810,1,7,5,3,10,9,0,1,0,5,10,0,0,0,0,0,0,0,0,0,1,8,0.428571432828903,1,3,2,6
"papal_state",1811,2.5,7,2,1,6,5,0,1,0,5,10,0,0,0,0,0,0,0,0,0,0,7,0.142857149243355,0,5,1,7
"papal_state",1812,2.5,9,4,0,6,5,0,1,0,5,10,0,0,0,0,0,0,0,0,0,0,9,0,2,4,4,7
"papal_state",1813,2.5,6,1,1,6,5,0,1,0,5,10,0,0,0,0,0,0,0,0,0,1,7,0.16666667163372,0,6,2,10
"papal_state",1814,2.5,6,1,1,4,3,0,1,0,5,10,0,0,0,0,0,0,0,0,0,1,7,0.16666667163372,2,8,3,12
"papal_state",1815,1.5,4,1,1,4,3,0,1,0,5,10,0,0,0,0,0,0,0,0,0,0,4,0.25,2,14,3,17
"papal_state",1816,0,6,7,1,4,3,0,1,0,5,10,0,0,0,0,0,0,0,0,0,0,6,0.16666667163372,1,2,3,4
"papal_state",1817,4,10,2,1,9,8,0,1,0,5,10,0,0,0,0,0,0,0,0,0,0,10,0.100000001490116,2,9,3,12
"papal_state",1818,0.5,5,4,1,4,3,0,1,0,5,10,0,0,0,0,0,0,0,0,0,0,5,0.200000002980232,3,16,4,19
"papal_state",1819,1,5,3,1,7,6,0,1,0,5,10,0,0,0,0,0,0,0,0,0,1,6,0.200000002980232,2,6,3,9
"papal_state",1820,0,6,7,1,7,6,0,1,0,5,10,0,0,0,0,0,0,0,0,0,1,7,0.16666667163372,3,7,4,11
"sardinia",1781,0.5,3,2,0,3,2,0,0,0,6,11,0,0,0,0,0,1,0,0,0,0,3,0,1,9,3,12
"sardinia",1782,1,3,1,0,3,2,0,0,0,6,11,0,0,0,0,0,2,0,0,0,0,3,0,1,11,2,14
"sardinia",1783,2,5,1,0,5,4,0,0,0,6,11,0,0,0,0,0,3,0,0,0,0,5,0,1,10,3,13
"sardinia",1784,3,7,1,0,2,1,0,0,0,6,11,0,0,0,0,0,4,0,0,0,0,7,0,0,3,1,5
"sardinia",1785,1.5,4,1,1,4,3,0,0,0,6,11,0,0,0,0,0,5,0,0,0,0,4,0.25,1,9,3,12
"sardinia",1786,1.5,4,1,2,4,3,0,0,0,6,11,0,0,0,0,0,6,0,0,0,0,4,0.5,0,6,2,9
"sardinia",1787,1.5,4,1,1,4,3,0,0,0,6,11,0,0,0,0,0,7,0,0,0,0,4,0.25,1,2,3,5
"sardinia",1788,2.5,6,1,2,4,3,0,0,0,6,11,0,0,0,0,0,8,0,0,0,0,6,0.333333343267441,0,4,2,7
"sardinia",1789,1.5,4,1,1,4,3,0,0,0,6,11,0,0,0,0,0,9,0,0,0,0,4,0.25,0,9,2,12
"sardinia",1790,1,3,1,2,3,3,0,0,0,6,11,0,0,0,0,0,10,0,0,0,0,3,0.666666686534882,0,2,3,5
"sardinia",1791,0.5,2,1,1,2,2,0,0,0,6,11,0,0,0,0,0,11,0,0,0,0,2,0.5,0,5,2,9
"sardinia",1792,2.5,6,1,2,4,3,0,0,0,6,11,0,0,0,0,0,12,0,0,0,0,6,0.333333343267441,1,11,4,13
"sardinia",1793,0.5,2,1,1,1,1,0,0,0,6,11,0,0,0,0,0,13,0,0,0,0,2,0.5,0,0,1,3
"sardinia",1794,0.5,2,1,2,1,1,0,0,0,6,11,0,0,0,0,0,14,0,0,0,0,2,1,1,3,2,6
"sardinia",1795,0,0,1,0,0,0,0,0,0,6,11,0,0,0,0,0,15,0,0,0,0,0,NA,1,7,2,9
"sardinia",1796,0,1,1,0,1,1,0,0,0,6,11,0,0,0,0,0,16,0,0,0,0,1,0,2,13,3,17
"sardinia",1797,0,2,4,1,2,2,0,0,0,6,11,0,0,0,0,0,17,0,0,0,0,2,0.5,0,3,1,6
"sardinia",1798,1.5,5,2,1,3,3,0,0,0,6,11,0,0,0,0,0,18,0,0,0,0,5,0.200000002980232,0,7,1,10
"sardinia",1799,1,3,1,1,2,2,0,0,0,6,11,0,0,0,0,0,19,0,0,0,0,3,0.333333343267441,1,3,4,7
"sardinia",1800,1,3,1,1,1,1,0,0,0,6,11,0,0,0,0,0,20,0,0,0,0,3,0.333333343267441,0,9,1,12
"sardinia",1801,0,1,1,0,0,0,0,1,0,6,12,0,0,0,0,0,0,0,0,0,0,1,0,1,8,3,11
"sardinia",1802,1,3,1,1,2,2,0,1,0,6,12,0,0,0,0,0,0,0,0,0,0,3,0.333333343267441,2,7,4,10
"sardinia",1803,1.5,4,1,1,3,3,0,1,0,6,12,0,0,0,0,0,0,0,0,0,0,4,0.25,1,8,4,11
"sardinia",1804,0,1,1,0,1,1,0,1,0,6,12,0,0,0,0,0,0,0,0,0,0,1,0,1,6,2,8
"sardinia",1805,0,2,2,0,1,1,0,1,0,6,12,0,0,0,0,0,0,0,0,0,0,2,0,2,13,5,15
"sardinia",1806,0,1,2,0,0,0,0,1,0,6,12,0,0,0,0,0,0,0,0,0,0,1,0,1,4,3,6
"sardinia",1807,0,0,1,0,0,0,0,1,0,6,12,0,0,0,0,0,0,0,0,0,0,0,NA,1,9,3,12
"sardinia",1808,0.5,5,4,1,3,2,0,1,0,6,12,0,0,0,0,0,0,0,0,0,0,5,0.200000002980232,1,5,3,8
"sardinia",1809,0.5,3,2,0,3,2,0,1,0,6,12,0,0,0,0,0,0,0,0,0,0,3,0,2,6,5,10
"sardinia",1810,2,6,2,0,5,4,0,1,0,6,12,0,0,0,0,0,0,0,0,0,0,6,0,1,7,2,10
"sardinia",1811,0.5,2,1,0,1,1,0,1,0,6,12,0,0,0,0,0,0,0,0,0,0,2,0,2,9,5,12
"sardinia",1812,0.5,3,2,0,2,2,0,1,0,6,12,0,0,0,0,0,0,0,0,0,0,3,0,2,8,5,10
"sardinia",1813,0,3,3,0,3,2,0,1,0,6,12,0,0,0,0,0,0,0,0,0,0,3,0,0,1,2,4
"sardinia",1814,1.5,4,1,0,4,3,0,1,0,6,12,0,0,0,0,0,0,0,0,0,0,4,0,1,8,2,11
"sardinia",1815,0,1,3,0,1,1,0,1,0,6,12,0,0,0,0,0,0,0,0,0,0,1,0,2,5,3,8
"sardinia",1816,0,2,2,1,1,1,0,1,0,6,12,0,0,0,0,0,0,0,0,0,0,2,0.5,1,6,3,10
"sardinia",1817,0.5,3,2,1,2,2,0,1,0,6,12,0,0,0,0,0,0,0,0,0,0,3,0.333333343267441,2,13,3,16
"sardinia",1818,0.5,3,2,1,3,3,0,1,0,6,12,0,0,0,0,0,0,0,0,0,0,3,0.333333343267441,2,14,4,17
"sardinia",1819,0.5,2,1,1,2,2,0,1,0,6,12,0,0,0,0,0,0,0,0,0,0,2,0.5,1,3,3,6
"sardinia",1820,0.5,3,2,1,3,3,0,1,0,6,12,0,0,0,0,0,0,0,0,0,0,3,0.333333343267441,2,4,3,6
"two_sicily",1781,7.5,16,1,0,2,2,0,0,0,7,13,0,0,0,0,0,0,1,0,0,1,17,0,1,5,2,8
"two_sicily",1782,7.5,17,2,1,2,2,0,0,0,7,13,0,0,0,0,0,0,2,0,0,0,17,0.0588235296308994,1,10,3,13
"two_sicily",1783,6,16,4,2,2,2,0,0,0,7,13,0,0,0,0,0,0,3,0,0,1,17,0.125,1,11,4,15
"two_sicily",1784,5,11,1,1,2,2,0,0,0,7,13,0,0,0,0,0,0,4,0,0,0,11,0.0909090936183929,2,13,4,16
"two_sicily",1785,4,12,4,2,2,2,0,0,0,7,13,0,0,0,0,0,0,5,0,0,0,12,0.16666667163372,2,13,4,15
"two_sicily",1786,5.5,14,3,1,4,3,0,0,0,7,13,0,0,0,0,0,0,6,0,0,1,15,0.0714285746216774,2,11,4,14
"two_sicily",1787,6,14,2,2,5,4,0,0,0,7,13,0,0,0,0,0,0,7,0,0,1,15,0.142857149243355,2,6,4,10
"two_sicily",1788,3.5,10,3,1,6,6,0,0,0,7,13,0,0,0,0,0,0,8,0,0,1,11,0.100000001490116,1,9,3,13
"two_sicily",1789,4,10,2,0,5,5,0,0,0,7,13,0,0,0,0,0,0,9,0,0,1,11,0,1,7,3,9
"two_sicily",1790,6,14,2,0,4,3,0,0,0,7,13,0,0,0,0,0,0,10,0,0,1,15,0,1,5,4,8
"two_sicily",1791,5.5,14,3,1,5,4,0,0,0,7,13,0,0,0,0,0,0,11,0,0,1,15,0.0714285746216774,1,4,4,6
"two_sicily",1792,6.5,14,1,2,3,2,0,0,0,7,13,0,0,0,0,0,0,12,0,0,1,15,0.142857149243355,2,12,5,15
"two_sicily",1793,6,15,3,1,5,4,0,0,0,7,13,0,0,0,0,0,0,13,0,0,0,15,0.0666666701436043,1,7,2,11
"two_sicily",1794,4,15,7,3,4,3,0,0,0,7,13,0,0,0,0,0,0,14,0,0,1,16,0.200000002980232,1,5,3,8
"two_sicily",1795,5.5,13,2,2,6,5,0,0,0,7,13,0,0,0,0,0,0,15,0,0,1,14,0.15384615957737,0,0,2,3
"two_sicily",1796,4.5,10,1,1,7,6,0,0,0,7,13,0,0,0,0,0,0,16,0,0,0,10,0.100000001490116,2,10,4,13
"two_sicily",1797,7.5,16,1,2,3,2,0,0,0,7,13,0,0,0,0,0,0,17,0,0,1,17,0.125,0,4,1,7
"two_sicily",1798,6.5,15,2,1,6,5,0,0,0,7,13,0,0,0,0,0,0,18,0,0,1,16,0.0666666701436043,0,6,1,10
"two_sicily",1799,0.5,6,5,2,7,6,0,0,0,7,13,0,0,0,0,0,0,19,0,0,1,7,0.333333343267441,1,5,3,8
"two_sicily",1800,7,17,3,1,8,7,0,0,0,7,13,0,0,0,0,0,0,20,0,0,1,18,0.0588235296308994,0,10,3,12
"two_sicily",1801,4,10,2,1,4,3,0,1,0,7,14,0,0,0,0,0,0,0,0,0,1,11,0.100000001490116,0,10,2,14
"two_sicily",1802,4.5,13,4,2,5,4,0,1,0,7,14,0,0,0,0,0,0,0,0,0,0,13,0.15384615957737,1,2,3,5
"two_sicily",1803,3.5,9,2,1,8,7,0,1,0,7,14,0,0,0,0,0,0,0,0,0,1,10,0.111111111938953,1,4,4,8
"two_sicily",1804,3.5,8,1,0,5,4,0,1,0,7,14,0,0,0,0,0,0,0,0,0,0,8,0,1,3,4,6
"two_sicily",1805,2.5,8,3,0,7,6,0,1,0,7,14,0,0,0,0,0,0,0,0,0,1,9,0,0,4,2,7
"two_sicily",1806,3.5,8,1,1,5,4,0,1,0,7,14,0,0,0,0,0,0,0,0,0,1,9,0.125,1,5,4,7
"two_sicily",1807,2,8,4,2,6,5,0,1,0,7,14,0,0,0,0,0,0,0,0,0,0,8,0.25,1,6,3,9
"two_sicily",1808,4,10,2,1,6,5,0,1,0,7,14,0,0,0,0,0,0,0,0,0,1,11,0.100000001490116,1,2,4,5
"two_sicily",1809,2.5,6,1,3,4,3,0,1,0,7,14,0,0,0,0,0,0,0,0,0,0,6,0.5,1,5,2,8
"two_sicily",1810,5.5,13,2,2,10,9,0,1,0,7,14,0,0,0,0,0,0,0,0,0,0,13,0.15384615957737,1,11,3,14
"two_sicily",1811,5,14,4,1,9,8,0,1,0,7,14,0,0,0,0,0,0,0,0,0,1,15,0.0714285746216774,1,7,3,10
"two_sicily",1812,4,12,4,2,12,10,0,1,0,7,14,0,0,0,0,0,0,0,0,0,1,13,0.16666667163372,2,7,4,10
"two_sicily",1813,4,12,4,1,12,10,0,1,0,7,14,0,0,0,0,0,0,0,0,0,1,13,0.0833333358168602,0,0,2,4
"two_sicily",1814,2.5,12,7,2,10,9,0,1,0,7,14,0,0,0,0,0,0,0,0,0,0,12,0.16666667163372,1,11,2,13
"two_sicily",1815,1,10,8,1,9,8,0,1,0,7,14,0,0,0,0,0,0,0,0,0,0,10,0.100000001490116,2,9,5,12
"two_sicily",1816,1,9,7,1,8,7,0,1,0,7,14,0,0,0,0,0,0,0,0,0,1,10,0.111111111938953,1,6,4,10
"two_sicily",1817,4,11,3,2,6,5,0,1,0,7,14,0,0,0,0,0,0,0,0,0,0,11,0.181818187236786,2,9,4,11
"two_sicily",1818,2,9,5,1,8,7,0,1,0,7,14,0,0,0,0,0,0,0,0,0,0,9,0.111111111938953,2,9,3,11
"two_sicily",1819,0.5,9,8,0,7,6,0,1,0,7,14,0,0,0,0,0,0,0,0,0,0,9,0,3,13,6,16
"two_sicily",1820,2,11,7,0,9,8,0,1,0,7,14,0,0,0,0,0,0,0,0,0,0,11,0,1,9,3,11
"venetia",1781,5,13,3,0,3,2,1,0,0,8,15,0,0,0,0,0,0,0,1,1,1,14,0,1,11,2,15
"venetia",1782,5,11,1,2,3,2,1,0,0,8,15,0,0,0,0,0,0,0,2,2,1,12,0.181818187236786,1,11,3,13
"venetia",1783,6.5,14,1,2,3,2,1,0,0,8,15,0,0,0,0,0,0,0,3,3,1,15,0.142857149243355,1,11,2,14
"venetia",1784,4,9,1,2,2,2,1,0,0,8,15,0,0,0,0,0,0,0,4,4,1,10,0.222222223877907,0,5,3,8
"venetia",1785,3.5,8,1,2,2,2,1,0,0,8,15,0,0,0,0,0,0,0,5,5,1,9,0.25,2,8,3,11
"venetia",1786,5,11,1,2,3,2,1,0,0,8,15,0,0,0,0,0,0,0,6,6,1,12,0.181818187236786,1,4,3,8
"venetia",1787,4.5,10,1,2,2,2,1,0,0,8,15,0,0,0,0,0,0,0,7,7,1,11,0.200000002980232,2,12,4,15
"venetia",1788,3.5,8,1,2,2,2,1,0,0,8,15,0,0,0,0,0,0,0,8,8,1,9,0.25,1,4,3,6
"venetia",1789,6.5,14,1,2,3,2,1,0,0,8,15,0,0,0,0,0,0,0,9,9,1,15,0.142857149243355,1,9,3,12
"venetia",1790,4,11,3,1,2,2,1,0,0,8,15,0,0,0,0,0,0,0,10,10,1,12,0.0909090936183929,1,9,2,13
"venetia",1791,3.5,10,3,1,9,8,1,0,0,8,15,0,0,0,0,0,0,0,11,11,1,11,0.100000001490116,1,9,4,13
"venetia",1792,8,18,2,1,5,4,1,0,0,8,15,0,0,0,0,0,0,0,12,12,1,19,0.0555555559694767,2,9,5,12
"venetia",1793,6.5,20,7,1,6,5,1,0,0,8,15,0,0,0,0,0,0,0,13,13,1,21,0.0500000007450581,1,5,2,8
"venetia",1794,9,19,1,1,3,2,1,0,0,8,15,0,0,0,0,0,0,0,14,14,1,20,0.0526315793395042,0,8,2,11
"venetia",1795,3.5,12,5,1,2,2,1,0,0,8,15,0,0,0,0,0,0,0,15,15,1,13,0.0833333358168602,1,4,3,7
"venetia",1796,4,13,5,0,4,3,1,0,0,8,15,0,0,0,0,0,0,0,16,16,0,13,0,1,3,2,6
"venetia",1797,6,14,2,2,5,4,1,0,0,8,15,0,0,0,0,0,0,0,17,17,0,14,0.142857149243355,0,7,1,10
"venetia",1798,9,19,1,1,2,2,1,0,0,8,15,0,0,0,0,0,0,0,18,18,0,19,0.0526315793395042,0,7,3,9
"venetia",1799,8.5,18,1,0,2,2,1,0,0,8,15,0,0,0,0,0,0,0,19,19,0,18,0,1,12,3,16
"venetia",1800,11.5,24,1,1,4,3,1,0,0,8,15,0,0,0,0,0,0,0,20,20,1,25,0.0416666679084301,0,5,3,8
"venetia",1801,5,16,3,15,5,4,1,1,1,8,16,0,0,0,0,0,0,0,0,0,0,16,0.9375,2,9,4,13
"venetia",1802,3.5,15,3,12,6,4,1,1,1,8,16,0,0,0,0,0,0,0,0,0,0,15,0.800000011920929,3,11,5,14
"venetia",1803,4.5,17,8,10,5,4,1,1,1,8,16,0,0,0,0,0,0,0,0,0,0,17,0.588235318660736,4,13,5,16
"venetia",1804,5,20,8,15,7,5,1,1,1,8,16,0,0,0,0,0,0,0,0,0,0,20,0.75,2,10,5,12
"venetia",1805,7.5,21,7,14,4,3,1,1,1,8,16,0,0,0,0,0,0,0,0,0,0,21,0.666666686534882,3,14,6,17
"venetia",1806,4.5,10,1,9,8,5,1,1,1,8,16,0,0,0,0,0,0,0,0,0,0,10,0.899999976158142,4,15,7,19
"venetia",1807,3.5,11,4,8,9,6,1,1,1,8,16,0,0,0,0,0,0,0,0,0,0,11,0.727272748947144,4,10,6,13
"venetia",1808,1.5,5,2,4,3,2,1,1,1,8,16,0,0,0,0,0,0,0,0,0,0,5,0.800000011920929,2,10,4,12
"venetia",1809,5,14,4,12,6,4,1,1,1,8,16,0,0,0,0,0,0,0,0,0,0,14,0.857142865657806,2,11,3,14
"venetia",1810,3.5,11,7,9,8,7,1,1,1,8,16,0,0,0,0,0,0,0,0,0,0,11,0.818181812763214,5,14,8,17
"venetia",1811,3.5,8,1,7,8,7,1,1,1,8,16,0,0,0,0,0,0,0,0,0,0,8,0.875,4,8,5,11
"venetia",1812,4,12,6,11,5,4,1,1,1,8,16,0,0,0,0,0,0,0,0,0,0,12,0.916666686534882,3,7,6,11
"venetia",1813,3.5,14,4,10,5,4,1,1,1,8,16,0,0,0,0,0,0,0,0,0,0,14,0.714285731315613,2,13,3,16
"venetia",1814,0.5,3,3,2,3,2,1,1,1,8,16,0,0,0,0,0,0,0,0,0,0,3,0.666666686534882,6,13,8,15
"venetia",1815,5,14,4,11,5,4,1,1,1,8,16,0,0,0,0,0,0,0,0,0,0,14,0.785714268684387,7,14,10,16
"venetia",1816,4,11,4,9,5,4,1,1,1,8,16,0,0,0,0,0,0,0,0,0,0,11,0.818181812763214,5,11,6,14
"venetia",1817,1,4,2,3,4,3,1,1,1,8,16,0,0,0,0,0,0,0,0,0,0,4,0.75,9,19,10,21
"venetia",1818,4,10,3,8,5,4,1,1,1,8,16,0,0,0,0,0,0,0,0,0,0,10,0.800000011920929,5,16,7,18
"venetia",1819,3.5,11,3,9,4,2,1,1,1,8,16,0,0,0,0,0,0,0,0,0,0,11,0.818181812763214,6,16,8,19
"venetia",1820,2,5,2,4,9,8,1,1,1,8,16,0,0,0,0,0,0,0,0,0,0,5,0.800000011920929,4,9,5,12
